Day,北海道,青森県,岩手県,宮城県,秋田県,山形県,福島県,茨城県,栃木県,群馬県,埼玉県,千葉県,東京都,神奈川県,新潟県,富山県,石川県,福井県,山梨県,長野県,岐阜県,静岡県,愛知県,三重県,滋賀県,京都府,大阪府,兵庫県,奈良県,和歌山県,鳥取県,島根県,岡山県,広島県,山口県,徳島県,香川県,愛媛県,高知県,福岡県,佐賀県,長崎県,熊本県,大分県,宮崎県,鹿児島県,沖縄県
2020-1-16,0,0,0,0,0,0,0,0,0,0,0,0,0,1,0,0,0,0,0,0,0,0,0,0,0,0,0,0,0,0,0,0,0,0,0,0,0,0,0,0,0,0,0,0,0,0,0
2020-1-17,0,0,0,0,0,0,0,0,0,0,0,0,0,1,0,0,0,0,0,0,0,0,0,0,0,0,0,0,0,0,0,0,0,0,0,0,0,0,0,0,0,0,0,0,0,0,0
2020-1-18,0,0,0,0,0,0,0,0,0,0,0,0,0,1,0,0,0,0,0,0,0,0,0,0,0,0,0,0,0,0,0,0,0,0,0,0,0,0,0,0,0,0,0,0,0,0,0
2020-1-19,0,0,0,0,0,0,0,0,0,0,0,0,0,1,0,0,0,0,0,0,0,0,0,0,0,0,0,0,0,0,0,0,0,0,0,0,0,0,0,0,0,0,0,0,0,0,0
2020-1-20,0,0,0,0,0,0,0,0,0,0,0,0,0,1,0,0,0,0,0,0,0,0,0,0,0,0,0,0,0,0,0,0,0,0,0,0,0,0,0,0,0,0,0,0,0,0,0
2020-1-21,0,0,0,0,0,0,0,0,0,0,0,0,0,1,0,0,0,0,0,0,0,0,0,0,0,0,0,0,0,0,0,0,0,0,0,0,0,0,0,0,0,0,0,0,0,0,0
2020-1-22,0,0,0,0,0,0,0,0,0,0,0,0,0,1,0,0,0,0,0,0,0,0,0,0,0,0,0,0,0,0,0,0,0,0,0,0,0,0,0,0,0,0,0,0,0,0,0
2020-1-23,0,0,0,0,0,0,0,0,0,0,0,0,0,1,0,0,0,0,0,0,0,0,0,0,0,0,0,0,0,0,0,0,0,0,0,0,0,0,0,0,0,0,0,0,0,0,0
2020-1-24,0,0,0,0,0,0,0,0,0,0,0,0,1,1,0,0,0,0,0,0,0,0,0,0,0,0,0,0,0,0,0,0,0,0,0,0,0,0,0,0,0,0,0,0,0,0,0
2020-1-25,0,0,0,0,0,0,0,0,0,0,0,0,2,1,0,0,0,0,0,0,0,0,0,0,0,0,0,0,0,0,0,0,0,0,0,0,0,0,0,0,0,0,0,0,0,0,0
2020-1-26,0,0,0,0,0,0,0,0,0,0,0,0,2,1,0,0,0,0,0,0,0,0,1,0,0,0,0,0,0,0,0,0,0,0,0,0,0,0,0,0,0,0,0,0,0,0,0
2020-1-27,0,0,0,0,0,0,0,0,0,0,0,0,2,1,0,0,0,0,0,0,0,0,1,0,0,0,0,0,0,0,0,0,0,0,0,0,0,0,0,0,0,0,0,0,0,0,0
2020-1-28,1,0,0,0,0,0,0,0,0,0,0,0,2,1,0,0,0,0,0,0,0,0,2,0,0,0,0,0,1,0,0,0,0,0,0,0,0,0,0,0,0,0,0,0,0,0,0
2020-1-29,1,0,0,0,0,0,0,0,0,0,0,0,2,1,0,0,0,0,0,0,0,0,2,0,0,0,1,0,1,0,0,0,0,0,0,0,0,0,0,0,0,0,0,0,0,0,0
2020-1-30,1,0,0,0,0,0,0,0,0,0,0,0,3,1,0,0,0,0,0,0,0,0,2,1,0,1,1,0,1,0,0,0,0,0,0,0,0,0,0,0,0,0,0,0,0,0,0
2020-1-31,1,0,0,0,0,0,0,0,0,0,0,1,3,1,0,0,0,0,0,0,0,0,2,1,0,1,1,0,1,0,0,0,0,0,0,0,0,0,0,0,0,0,0,0,0,0,0
2020-2-1,1,0,0,0,0,0,0,0,0,0,0,1,3,1,0,0,0,0,0,0,0,0,2,1,0,1,1,0,1,0,0,0,0,0,0,0,0,0,0,0,0,0,0,0,0,0,0
2020-2-2,1,0,0,0,0,0,0,0,0,0,0,1,3,1,0,0,0,0,0,0,0,0,2,1,0,1,1,0,1,0,0,0,0,0,0,0,0,0,0,0,0,0,0,0,0,0,0
2020-2-3,1,0,0,0,0,0,0,0,0,0,0,1,3,1,0,0,0,0,0,0,0,0,2,1,0,1,1,0,1,0,0,0,0,0,0,0,0,0,0,0,0,0,0,0,0,0,0
2020-2-4,1,0,0,0,0,0,0,0,0,0,0,2,3,1,0,0,0,0,0,0,0,0,2,1,0,1,1,0,1,0,0,0,0,0,0,0,0,0,0,0,0,0,0,0,0,0,0
2020-2-5,1,0,0,0,0,0,0,0,0,0,0,3,3,1,0,0,0,0,0,0,0,0,2,1,0,2,1,0,1,0,0,0,0,0,0,0,0,0,0,0,0,0,0,0,0,0,0
2020-2-6,1,0,0,0,0,0,0,0,0,0,0,3,3,1,0,0,0,0,0,0,0,0,2,1,0,2,1,0,1,0,0,0,0,0,0,0,0,0,0,0,0,0,0,0,0,0,0
2020-2-7,1,0,0,0,0,0,0,0,0,0,0,3,3,1,0,0,0,0,0,0,0,0,2,1,0,2,1,0,1,0,0,0,0,0,0,0,0,0,0,0,0,0,0,0,0,0,0
2020-2-8,1,0,0,0,0,0,0,0,0,0,0,3,3,1,0,0,0,0,0,0,0,0,2,1,0,2,1,0,1,0,0,0,0,0,0,0,0,0,0,0,0,0,0,0,0,0,0
2020-2-9,1,0,0,0,0,0,0,0,0,0,0,3,3,1,0,0,0,0,0,0,0,0,2,1,0,2,1,0,1,0,0,0,0,0,0,0,0,0,0,0,0,0,0,0,0,0,0
2020-2-10,1,0,0,0,0,0,0,0,0,0,0,3,3,1,0,0,0,0,0,0,0,0,2,1,0,2,1,0,1,0,0,0,0,0,0,0,0,0,0,0,0,0,0,0,0,0,0
2020-2-11,1,0,0,0,0,0,0,0,0,0,0,3,3,1,0,0,0,0,0,0,0,0,2,1,0,2,1,0,1,0,0,0,0,0,0,0,0,0,0,0,0,0,0,0,0,0,0
2020-2-12,1,0,0,0,0,0,0,0,0,0,0,3,3,1,0,0,0,0,0,0,0,0,2,1,0,2,1,0,1,0,0,0,0,0,0,0,0,0,0,0,0,0,0,0,0,0,0
2020-2-13,1,0,0,0,0,0,0,0,0,0,0,4,4,2,0,0,0,0,0,0,0,0,2,1,0,2,1,0,1,1,0,0,0,0,0,0,0,0,0,0,0,0,0,0,0,0,0
2020-2-14,2,0,0,0,0,0,0,0,0,0,0,4,6,3,0,0,0,0,0,0,0,0,3,1,0,2,1,0,1,2,0,0,0,0,0,0,0,0,0,0,0,0,0,0,0,0,1
2020-2-15,2,0,0,0,0,0,0,0,0,0,0,4,14,3,0,0,0,0,0,0,0,0,4,1,0,2,1,0,1,5,0,0,0,0,0,0,0,0,0,0,0,0,0,0,0,0,1
2020-2-16,2,0,0,0,0,0,0,0,0,0,0,4,19,3,0,0,0,0,0,0,0,0,5,1,0,2,1,0,1,5,0,0,0,0,0,0,0,0,0,0,0,0,0,0,0,0,1
2020-2-17,2,0,0,0,0,0,0,0,0,0,0,4,19,4,0,0,0,0,0,0,0,0,6,1,0,2,1,0,1,9,0,0,0,0,0,0,0,0,0,0,0,0,0,0,0,0,1
2020-2-18,2,0,0,0,0,0,0,0,0,0,0,4,22,5,0,0,0,0,0,0,0,0,7,1,0,2,1,0,1,12,0,0,0,0,0,0,0,0,0,0,0,0,0,0,0,0,1
2020-2-19,4,0,0,0,0,0,0,0,0,0,0,4,25,7,0,0,0,0,0,0,0,0,8,1,0,2,1,0,1,12,0,0,0,0,0,0,0,0,0,0,0,0,0,0,0,0,2
2020-2-20,5,0,0,0,0,0,0,0,0,0,0,5,25,9,0,0,0,0,0,0,0,0,9,1,0,2,1,0,1,12,0,0,0,0,0,0,0,0,0,2,0,0,0,0,0,0,3
2020-2-21,8,0,0,0,0,0,0,0,0,0,1,6,28,12,0,0,1,0,0,0,0,0,11,1,0,2,1,0,1,12,0,0,0,0,0,0,0,0,0,2,0,0,1,0,0,0,3
2020-2-22,17,0,0,0,0,0,0,0,1,0,1,9,29,16,0,0,2,0,0,0,0,0,15,1,0,2,1,0,1,13,0,0,0,0,0,0,0,0,0,2,0,0,3,0,0,0,3
2020-2-23,26,0,0,0,0,0,0,0,1,0,1,10,29,16,0,0,2,0,0,0,0,0,17,1,0,2,1,0,1,13,0,0,0,0,0,0,0,0,0,2,0,0,3,0,0,0,3
2020-2-24,30,0,0,0,0,0,0,0,1,0,1,10,32,17,0,0,4,0,0,0,0,0,17,1,0,2,1,0,1,13,0,0,0,0,0,0,0,0,0,2,0,0,4,0,0,0,3
2020-2-25,35,0,0,0,0,0,0,0,1,0,1,10,32,17,0,0,4,0,0,1,0,0,20,1,0,2,1,0,1,13,0,0,0,0,0,1,0,0,0,2,0,0,5,0,0,0,3
2020-2-26,39,0,0,0,0,0,0,0,1,0,1,13,35,18,0,0,4,0,0,2,1,0,25,1,0,2,1,0,1,13,0,0,0,0,0,1,0,0,0,2,0,0,5,0,0,0,3
2020-2-27,54,0,0,0,0,0,0,0,1,0,1,13,36,21,0,0,5,0,0,2,2,0,27,1,0,2,2,0,1,13,0,0,0,0,0,1,0,0,0,2,0,0,5,0,0,0,3
2020-2-28,66,0,0,0,0,0,0,0,1,0,1,13,36,22,0,0,6,0,0,2,2,1,28,1,0,2,4,0,1,13,0,0,0,0,0,1,0,0,0,2,0,0,5,0,0,0,3
2020-2-29,70,0,0,1,0,0,0,0,1,0,1,13,37,22,1,0,6,0,0,2,2,1,29,1,0,2,4,0,1,13,0,0,0,0,0,1,0,0,1,2,0,0,5,0,0,0,3
2020-3-1,72,0,0,1,0,0,0,0,1,0,1,14,39,25,1,0,6,0,0,2,2,1,32,1,0,2,4,1,1,13,0,0,0,0,0,1,0,0,2,3,0,0,5,0,0,0,3
2020-3-2,77,0,0,1,0,0,0,0,1,0,1,14,39,30,5,0,6,0,0,2,2,1,32,1,0,2,6,1,1,13,0,0,0,0,0,1,0,1,3,3,0,0,5,0,0,0,3
2020-3-3,79,0,0,1,0,0,0,0,1,0,1,14,40,31,5,0,6,0,0,2,2,1,41,1,0,3,8,3,1,13,0,0,0,0,0,1,0,1,3,3,0,0,5,1,0,0,3
2020-3-4,82,0,0,1,0,0,0,0,1,0,1,15,44,31,5,0,6,0,0,2,2,1,49,1,0,5,17,3,1,13,0,0,0,0,1,1,0,2,7,3,0,0,6,1,1,0,3
2020-3-5,83,0,0,1,0,0,0,0,2,0,3,15,52,34,6,0,6,0,0,2,2,1,57,1,1,6,18,4,1,14,0,0,0,0,3,1,0,2,7,3,0,0,6,1,1,0,3
2020-3-6,90,0,0,1,2,0,0,0,2,0,6,17,58,40,6,0,6,0,1,3,2,1,62,1,1,7,31,8,4,14,0,0,0,0,3,1,0,2,9,3,0,0,6,1,1,0,3
2020-3-7,98,0,0,1,2,0,1,0,2,1,6,21,64,41,6,0,6,0,2,3,2,1,69,1,1,8,41,10,4,14,0,0,0,1,3,1,0,2,10,3,0,0,6,1,1,0,3
2020-3-8,101,0,0,1,2,0,1,0,2,1,7,21,64,41,6,0,6,0,2,3,2,1,80,1,1,8,55,12,4,14,0,0,0,1,3,1,0,2,12,3,0,0,6,1,1,0,3
2020-3-9,108,0,0,1,2,0,1,0,2,1,7,22,64,41,8,0,7,0,2,3,2,1,86,1,1,12,55,16,7,14,0,0,0,1,3,1,0,2,12,3,0,0,6,1,1,0,3
2020-3-10,111,0,0,1,2,0,1,0,2,1,12,23,67,43,11,0,7,0,2,3,2,2,99,2,1,13,73,24,7,14,0,0,0,1,3,1,0,2,12,3,0,0,6,1,1,0,3
2020-3-11,118,0,0,1,2,0,1,0,2,1,14,25,73,46,11,0,7,0,2,3,2,2,104,7,1,15,80,37,8,14,0,0,0,1,3,1,0,2,12,3,0,0,6,1,1,0,3
2020-3-12,128,0,0,1,2,0,1,0,2,3,20,27,75,49,14,0,7,0,2,3,2,3,111,7,1,17,89,46,8,14,0,0,0,1,3,1,0,2,12,3,0,0,6,1,1,0,3
2020-3-13,137,0,0,1,2,0,1,0,2,3,22,29,77,50,14,0,7,0,2,3,2,3,114,7,1,17,92,56,8,14,0,0,0,1,3,1,0,2,12,3,1,0,6,1,1,0,3
2020-3-14,144,0,0,1,2,0,2,0,2,5,29,31,87,50,16,0,7,0,2,4,2,3,121,8,1,17,102,67,8,14,0,0,0,1,3,1,0,2,12,3,1,1,6,1,1,0,3
2020-3-15,148,0,0,1,2,0,2,0,2,5,29,31,90,55,16,0,7,0,2,4,2,3,121,8,2,17,106,78,8,15,0,0,0,1,3,1,0,2,12,3,1,1,6,1,1,0,3
2020-3-16,152,0,0,1,2,0,2,0,2,6,29,31,90,55,19,0,7,0,2,4,2,3,123,8,3,17,108,82,8,15,0,0,0,1,3,1,0,2,12,3,1,1,6,1,1,0,3
2020-3-17,152,0,0,1,2,0,2,1,2,10,34,31,102,59,21,0,7,0,2,4,2,3,125,8,4,19,112,86,8,15,0,0,0,1,3,1,1,2,12,4,1,1,6,1,3,0,3
2020-3-18,154,0,0,1,2,0,2,2,3,10,35,33,111,60,22,0,7,1,2,4,3,3,130,9,4,21,117,91,8,15,0,0,0,1,3,1,1,3,12,4,1,1,6,1,3,0,3
2020-3-19,157,0,0,1,2,0,2,3,3,10,39,36,118,66,24,0,7,1,2,4,3,3,134,9,4,21,119,93,8,17,0,0,0,1,3,1,1,3,12,5,1,1,7,3,3,0,3
2020-3-20,158,0,0,1,2,0,2,3,4,11,42,41,129,68,25,0,8,1,2,4,3,3,139,9,4,22,123,101,8,17,0,0,0,2,3,1,1,3,12,5,1,1,7,8,3,0,3
2020-3-21,159,0,0,1,2,0,2,3,4,11,45,42,136,72,27,0,8,1,2,4,3,3,141,9,4,23,125,107,8,17,0,0,0,2,3,1,1,3,12,5,1,1,7,13,3,0,3
2020-3-22,162,0,0,1,2,0,2,4,4,11,51,44,139,77,27,0,8,1,2,4,5,3,143,9,4,24,131,111,9,17,0,0,1,3,4,1,1,3,12,5,1,1,7,21,3,0,3
2020-3-23,162,2,0,1,2,0,2,5,4,11,52,47,155,77,27,0,8,1,2,4,8,3,145,9,5,25,134,113,9,17,0,0,1,3,4,1,1,3,12,6,1,1,7,22,3,0,4
2020-3-24,163,2,0,1,2,0,2,10,6,13,59,48,173,83,28,0,8,1,4,5,11,3,148,9,5,27,142,118,9,17,0,0,1,3,4,1,1,3,12,9,1,1,7,23,3,0,5
2020-3-25,167,6,0,1,2,0,2,10,10,14,60,53,214,87,29,0,8,3,4,5,12,3,154,9,5,31,149,119,9,17,0,0,1,3,5,1,1,3,12,9,1,2,8,25,3,0,5
2020-3-26,168,6,0,2,2,0,2,10,11,14,67,56,260,93,29,0,8,6,4,5,15,3,157,9,6,34,156,120,9,17,0,0,1,4,6,1,1,3,12,12,1,2,8,25,3,1,6
2020-3-27,169,6,0,2,4,0,2,13,11,14,73,63,300,104,30,0,8,9,4,6,17,3,160,9,6,35,176,123,9,17,0,0,2,4,6,1,1,4,13,16,1,2,10,27,3,1,6
2020-3-28,172,7,0,2,4,0,2,16,11,18,79,125,364,116,31,0,9,12,4,6,19,4,164,9,6,40,191,126,11,17,0,0,3,4,6,1,1,4,13,22,1,2,11,27,3,1,8
2020-3-29,176,7,0,4,4,0,2,16,12,18,84,158,436,125,31,0,9,13,4,8,20,4,167,9,6,47,208,133,11,17,0,0,3,6,6,1,1,4,14,26,1,2,12,28,3,1,8
2020-3-30,177,8,0,6,5,0,2,20,12,18,85,158,448,128,31,1,11,15,5,8,22,8,170,11,6,56,216,137,11,18,0,0,4,6,6,1,2,4,15,29,1,2,14,28,3,1,9
2020-3-31,177,8,0,7,6,1,4,24,14,19,100,171,526,142,31,2,13,20,6,8,26,10,178,11,7,69,244,148,11,18,0,0,4,6,6,3,2,9,17,46,2,2,14,29,3,1,9
2020-4-1,182,8,0,11,7,2,6,42,17,20,104,185,593,161,32,5,15,21,9,9,31,12,183,11,7,76,278,162,15,19,0,0,5,6,6,3,2,9,20,78,3,5,15,29,3,2,9
2020-4-2,185,9,0,12,9,3,8,44,17,21,118,190,691,186,32,8,16,30,9,9,36,13,190,12,8,88,311,169,19,21,0,0,7,11,6,3,2,12,21,100,3,8,15,30,3,3,9
2020-4-3,190,11,0,18,10,8,9,54,17,25,135,210,783,217,35,8,24,42,11,10,40,15,202,13,14,106,346,175,21,22,0,0,9,13,7,3,2,19,23,119,5,9,18,31,7,3,11
2020-4-4,193,11,0,20,11,10,14,59,17,26,160,236,901,238,35,10,32,46,12,11,47,16,221,13,17,116,387,190,24,22,0,0,10,15,8,3,2,20,26,146,6,11,18,32,8,3,16
2020-4-5,194,11,0,23,11,13,16,64,17,26,185,262,1042,265,35,10,43,53,14,12,58,16,228,13,18,125,408,203,25,24,0,0,11,15,12,3,2,21,33,162,8,12,19,32,10,3,16
2020-4-6,194,11,0,26,11,19,16,71,17,26,199,280,1127,271,35,11,45,59,19,14,59,18,239,13,19,133,428,209,26,29,0,0,11,16,13,3,2,23,36,176,8,12,20,33,11,3,22
2020-4-7,198,12,0,32,11,19,24,77,20,29,216,293,1214,289,37,13,55,65,22,14,69,21,260,13,24,145,481,229,28,31,0,0,12,19,16,3,2,23,38,199,11,12,21,35,12,3,34
2020-4-8,208,12,0,34,11,22,29,77,26,29,250,327,1370,355,39,14,66,72,25,19,77,29,280,13,26,155,524,248,30,34,0,0,14,24,17,3,3,25,39,224,11,13,22,41,16,4,39
2020-4-9,226,14,0,36,11,27,33,82,31,33,285,357,1553,381,41,21,72,77,27,21,86,32,301,15,33,165,616,287,34,37,0,1,15,25,17,3,3,26,49,250,12,13,23,41,16,4,42
2020-4-10,239,17,0,38,13,32,36,91,32,44,338,390,1752,436,41,23,92,82,30,28,97,36,315,15,34,174,696,316,37,38,1,2,15,30,18,3,4,28,54,289,12,14,24,42,16,4,48
2020-4-11,255,22,0,45,15,33,37,103,35,79,375,426,1950,512,42,30,104,86,33,28,106,38,325,17,38,181,766,358,39,38,1,6,15,56,19,3,4,30,54,332,13,14,25,42,17,4,56
2020-4-12,267,22,0,51,15,38,38,109,35,90,415,470,2124,543,42,44,113,88,35,29,112,40,327,17,38,193,811,375,41,39,1,7,15,62,23,3,8,30,60,362,13,14,27,42,17,4,65
2020-4-13,272,22,0,54,15,39,38,110,36,90,430,489,2224,558,42,49,121,92,36,36,119,45,336,17,40,205,835,384,44,39,1,8,15,65,24,3,19,37,60,373,13,14,28,43,17,4,72
2020-4-14,290,22,0,64,16,43,39,116,37,96,452,505,2383,578,45,55,131,92,37,37,127,46,346,19,51,210,894,403,47,40,1,10,16,90,25,3,20,39,60,406,15,14,31,45,17,4,76
2020-4-15,313,22,0,65,16,49,40,119,40,106,513,540,2510,618,46,61,140,100,40,39,130,47,358,20,52,215,968,423,53,42,1,13,16,113,28,3,21,40,62,436,15,15,33,50,17,4,86
2020-4-16,336,22,0,75,16,54,49,123,42,112,564,598,2661,674,47,68,146,103,43,45,135,48,372,26,57,225,1020,454,54,43,1,14,17,118,29,3,22,41,62,462,15,16,33,54,17,4,94
2020-4-17,369,22,0,79,16,58,52,131,44,114,590,633,2867,707,53,79,160,104,46,47,136,49,382,32,68,235,1075,481,56,44,1,15,18,124,30,3,24,41,63,479,16,17,35,54,17,6,101
2020-4-18,407,22,0,83,16,60,60,135,44,120,627,667,3053,751,56,91,173,106,48,47,137,49,399,35,70,242,1163,502,59,45,3,15,18,130,30,3,25,44,64,503,16,17,37,54,17,7,110
2020-4-19,434,22,0,83,16,61,62,139,46,122,664,685,3162,781,56,95,178,112,49,52,139,51,409,36,71,251,1211,513,61,45,3,16,19,132,30,3,26,45,68,519,17,17,40,54,17,8,115
2020-4-20,451,22,0,84,16,64,64,143,49,124,676,707,3263,798,56,114,181,113,49,52,139,51,414,39,72,259,1295,524,64,45,3,16,19,137,30,3,28,46,69,521,17,17,41,55,17,10,121
2020-4-21,473,22,0,84,16,64,64,146,51,131,686,728,3386,811,58,127,193,118,50,54,144,52,430,41,76,264,1349,543,72,47,3,16,19,139,31,5,28,47,69,542,17,17,42,60,17,10,125
2020-4-22,495,22,0,84,16,65,65,151,52,134,726,748,3509,836,61,141,199,119,51,59,147,56,449,43,88,275,1380,560,73,49,3,16,19,142,31,5,28,47,70,563,19,17,43,60,17,10,130
2020-4-23,540,22,0,84,16,65,65,153,52,138,758,772,3643,875,62,150,216,119,51,62,149,57,461,43,92,282,1415,580,74,50,3,16,19,144,31,5,28,47,71,575,28,17,44,60,17,10,132
2020-4-24,562,22,0,84,16,66,66,157,52,140,776,790,3813,907,65,163,222,120,51,65,149,58,475,45,93,286,1446,605,74,52,3,16,21,144,31,5,28,47,71,587,36,17,45,60,17,10,133
2020-4-25,601,22,0,85,16,66,68,160,52,140,798,798,3932,938,66,175,226,120,52,66,149,61,476,45,94,290,1475,620,74,57,3,17,21,146,31,5,28,47,72,601,37,17,45,60,17,10,134
2020-4-26,615,22,0,85,16,66,69,161,54,141,817,806,4014,954,70,178,235,121,52,66,149,62,477,45,94,294,1491,629,74,58,3,22,22,148,31,5,28,47,73,612,37,17,47,60,17,10,137
2020-4-27,650,23,0,86,16,66,69,161,54,146,825,813,4055,961,70,179,241,121,52,66,149,63,477,45,94,309,1521,630,76,59,3,22,22,149,32,5,28,47,73,621,37,17,47,60,17,10,137
2020-4-28,688,26,0,88,16,67,70,162,54,146,832,821,4168,972,75,188,249,122,53,66,149,66,482,45,95,313,1553,637,78,60,3,23,22,154,32,5,28,47,73,625,38,17,47,60,17,10,141
2020-4-29,726,26,0,88,16,68,72,163,54,146,847,825,4215,997,75,195,250,122,53,66,149,67,486,45,95,317,1597,643,80,60,3,23,23,155,32,5,28,47,74,638,41,17,47,60,17,10,141
2020-4-30,767,26,0,88,16,68,73,163,54,146,859,834,4274,1023,75,200,251,122,53,66,149,71,487,45,95,320,1625,646,80,62,3,23,23,155,32,5,28,47,74,641,41,17,47,60,17,10,142
2020-5-1,790,26,0,88,16,68,74,165,54,146,864,840,4439,1038,77,203,254,122,54,66,149,72,490,45,95,324,1639,651,83,62,3,23,23,159,34,5,28,47,74,644,42,17,47,60,17,10,142
2020-5-2,823,26,0,88,16,68,75,165,54,146,885,846,4593,1074,77,209,260,122,55,70,150,72,490,45,95,329,1656,655,83,62,3,23,23,160,34,5,28,47,74,647,42,17,47,60,17,10,142
2020-5-3,848,26,0,88,16,68,78,165,54,146,897,851,4686,1097,77,212,264,122,56,70,150,72,492,45,95,331,1666,668,84,62,3,24,23,161,35,5,28,48,74,647,44,17,47,60,17,10,142
2020-5-4,879,26,0,88,16,69,78,167,54,146,902,856,4773,1107,77,213,267,122,56,72,150,72,495,45,97,334,1679,668,84,62,3,24,23,165,36,5,28,48,74,648,45,17,47,60,17,10,142
2020-5-5,891,26,0,88,16,69,79,168,54,146,908,857,4830,1121,78,216,268,122,56,72,150,72,498,45,97,338,1686,674,85,62,3,24,23,165,37,5,28,48,74,649,45,17,47,60,17,10,142
2020-5-6,914,26,0,88,16,69,80,168,54,147,917,859,4867,1128,78,216,271,122,56,73,150,72,498,45,97,341,1698,677,85,62,3,24,23,165,37,5,28,48,74,650,45,17,47,60,17,10,142
2020-5-7,928,27,0,88,16,69,80,168,55,147,931,864,4890,1141,78,217,275,122,56,73,150,72,498,45,97,347,1706,680,85,62,3,24,23,165,37,5,28,48,74,651,45,17,47,60,17,10,142
2020-5-8,934,27,0,88,16,69,81,168,56,147,942,867,4929,1148,81,218,275,122,56,74,150,72,498,45,97,348,1716,680,86,62,3,24,24,165,37,5,28,48,74,651,45,17,48,60,17,10,142
2020-5-9,945,27,0,88,16,69,81,168,56,147,958,870,4965,1156,81,221,277,122,56,75,150,72,501,45,97,352,1732,688,87,62,3,24,24,165,37,5,28,48,74,653,45,17,48,60,17,10,142
2020-5-10,954,27,0,88,16,69,81,168,56,147,963,870,4987,1169,81,221,278,122,56,75,150,72,501,45,97,352,1743,693,87,62,3,24,24,165,37,5,28,48,74,654,45,17,48,60,17,10,142
2020-5-11,966,27,0,88,16,69,81,168,56,147,965,873,5002,1176,81,221,280,122,56,75,150,72,502,45,97,352,1744,694,87,62,3,24,25,165,37,5,28,48,74,654,45,17,48,60,17,10,142
2020-5-12,979,27,0,88,16,69,81,168,57,147,966,876,5029,1191,81,222,283,122,57,75,150,72,503,45,97,356,1750,694,87,63,3,24,25,165,37,5,28,48,74,655,45,17,48,60,17,10,142
2020-5-13,983,27,0,88,16,69,81,168,57,147,970,878,5039,1201,81,222,284,122,57,76,150,72,504,45,97,357,1762,697,87,63,3,24,25,165,37,5,28,51,74,656,46,17,48,60,17,10,142
2020-5-14,989,27,0,88,16,69,81,168,58,147,974,878,5069,1233,81,224,284,122,57,76,150,72,506,45,97,358,1765,698,87,63,3,24,25,165,37,5,28,68,74,657,46,17,48,60,17,10,142
2020-5-15,999,27,0,88,16,69,81,168,60,147,976,880,5078,1249,82,224,285,122,57,76,150,72,507,45,98,358,1768,698,87,63,3,24,25,165,37,5,28,70,74,657,46,17,48,60,17,10,142
2020-5-16,1006,27,0,88,16,69,81,168,60,147,981,888,5092,1261,82,225,286,122,57,76,150,72,509,45,99,358,1770,699,87,63,3,24,25,165,37,5,28,70,74,657,47,17,48,60,17,10,142
2020-5-17,1014,27,0,88,16,69,81,168,60,147,985,888,5097,1266,82,225,287,122,57,76,150,72,509,45,99,358,1770,699,87,63,3,24,25,166,37,5,28,71,74,658,47,17,48,60,17,10,142
2020-5-18,1015,27,0,88,16,69,81,168,61,147,988,890,5107,1274,82,227,287,122,58,76,150,72,509,45,99,358,1771,699,87,63,3,24,25,166,37,5,28,73,74,658,47,17,48,60,17,10,142
2020-5-19,1018,27,0,88,16,69,81,168,62,148,988,890,5112,1282,82,227,290,122,60,76,150,72,509,45,99,358,1774,699,87,63,3,24,25,166,37,5,28,74,74,658,47,17,48,60,17,10,142
2020-5-20,1019,27,0,88,16,69,81,168,64,148,993,891,5117,1303,82,227,290,122,60,76,150,72,509,45,99,358,1777,699,87,63,3,24,25,166,37,5,28,74,74,658,47,17,48,60,17,10,142
2020-5-21,1024,27,0,88,16,69,81,168,64,148,994,894,5128,1313,82,227,292,122,60,76,150,73,509,45,99,358,1780,699,87,63,3,24,25,166,37,5,28,75,74,658,47,17,48,60,17,10,142
2020-5-22,1030,27,0,88,16,69,81,168,64,149,995,894,5131,1320,82,227,294,122,60,76,150,73,509,45,99,358,1781,699,87,63,3,24,25,167,37,5,28,78,74,658,47,17,48,60,17,10,142
2020-5-23,1039,27,0,88,16,69,81,168,64,149,996,894,5133,1325,82,227,295,122,60,76,150,73,510,45,100,358,1781,699,87,63,3,24,25,167,37,5,28,79,74,662,47,17,48,60,17,10,142
2020-5-24,1054,27,0,88,16,69,81,168,64,149,996,894,5147,1330,82,227,295,122,60,76,150,74,510,45,100,358,1781,699,87,63,3,24,25,167,37,5,28,80,74,666,47,17,48,60,17,10,142
2020-5-25,1057,27,0,88,16,69,81,168,65,149,996,894,5155,1331,82,227,295,122,60,76,150,74,510,45,100,358,1781,699,87,63,3,24,25,167,37,5,28,81,74,672,47,17,48,60,17,10,142
2020-5-26,1066,27,0,88,16,69,81,168,65,149,996,894,5165,1334,82,227,296,122,60,76,150,74,510,45,100,358,1781,699,87,63,3,24,25,167,37,5,28,81,74,674,47,17,48,60,17,10,142
2020-5-27,1071,27,0,88,16,69,81,168,65,149,996,895,5176,1339,82,227,296,122,60,76,150,74,510,45,100,358,1782,699,88,63,3,24,25,167,37,5,28,81,74,682,47,17,48,60,17,10,142
2020-5-28,1078,27,0,88,16,69,81,168,65,149,998,896,5191,1347,82,227,297,122,64,76,150,75,510,45,100,358,1782,699,88,63,3,24,25,167,37,5,28,82,74,703,47,17,48,60,17,10,142
2020-5-29,1081,27,0,88,16,69,81,168,65,149,1000,896,5212,1357,82,227,298,122,64,76,150,75,510,45,100,358,1782,699,88,63,3,24,25,167,37,5,28,82,74,729,47,17,48,60,17,10,142
2020-5-30,1085,27,0,88,16,69,81,168,65,149,1000,897,5226,1361,82,227,298,122,64,76,150,75,511,45,100,358,1782,699,88,63,3,24,25,167,37,5,28,82,74,746,47,17,48,60,17,10,142
2020-5-31,1091,27,0,88,16,69,81,168,65,149,1000,898,5231,1367,82,227,298,122,64,76,150,75,511,45,100,358,1783,699,88,63,3,24,25,167,37,5,28,82,74,758,47,17,48,60,17,10,142
2020-6-1,1096,27,0,88,16,69,81,168,65,149,1000,898,5244,1368,82,227,298,122,64,76,151,75,511,45,100,358,1783,699,88,63,3,24,25,167,37,5,28,82,74,774,47,17,48,60,17,10,142
2020-6-2,1099,27,0,88,16,69,81,168,66,149,1000,899,5278,1371,82,227,298,122,65,76,151,75,512,45,100,358,1783,699,88,63,3,24,25,167,37,5,28,82,74,780,47,17,48,60,17,10,142
2020-6-3,1102,27,0,88,16,69,81,168,66,149,1002,900,5290,1373,82,227,298,122,65,76,151,75,512,45,100,358,1783,699,88,63,3,24,25,167,37,5,28,82,74,786,47,17,48,60,17,10,142
2020-6-4,1105,27,0,88,16,69,81,168,66,149,1002,900,5318,1379,82,227,298,122,65,76,151,75,512,45,100,358,1783,699,88,63,3,24,25,168,37,5,28,82,74,792,47,17,48,60,17,10,142
2020-6-5,1109,27,0,88,16,69,81,168,66,151,1003,901,5338,1385,82,227,299,122,65,76,151,75,513,45,100,358,1783,699,88,63,3,24,25,168,37,5,28,82,74,797,47,17,48,60,17,10,142
2020-6-6,1117,27,0,88,16,69,81,168,66,151,1004,901,5364,1390,82,227,299,122,66,76,151,75,513,45,100,359,1784,699,88,63,3,24,25,168,37,5,28,82,74,799,47,17,48,60,17,10,142
2020-6-7,1121,27,0,88,16,69,81,168,66,151,1004,904,5378,1395,82,227,299,122,67,76,151,75,514,45,100,359,1785,699,88,63,3,24,25,168,37,5,28,82,74,802,47,17,48,60,17,10,142
2020-6-8,1125,27,0,88,16,69,81,168,66,151,1004,904,5391,1395,82,227,299,122,67,76,152,75,514,45,100,359,1785,699,88,63,3,24,25,168,37,5,28,82,74,805,47,17,48,60,17,10,142
2020-6-9,1132,27,0,88,16,69,81,168,66,151,1005,907,5403,1396,82,227,299,122,68,76,153,75,514,45,100,360,1785,699,88,63,3,24,25,168,37,5,28,82,74,808,47,17,48,60,17,10,142
2020-6-10,1137,27,0,88,16,69,81,168,66,151,1011,909,5421,1396,82,227,299,122,68,76,153,76,516,45,100,360,1785,699,88,63,3,24,25,168,37,5,28,82,74,810,47,17,48,60,17,10,142
2020-6-11,1144,27,0,88,16,69,81,168,66,151,1014,912,5443,1397,82,227,299,122,69,76,153,77,516,45,100,360,1786,699,88,63,3,24,25,168,37,5,28,82,74,812,47,17,48,60,17,10,142
2020-6-12,1154,27,0,88,16,69,81,168,66,151,1016,915,5468,1400,82,227,299,122,70,76,153,77,518,45,100,360,1786,699,88,63,3,24,25,168,37,5,28,82,74,821,47,17,48,60,17,11,142
2020-6-13,1163,27,0,88,16,69,81,168,66,151,1016,916,5492,1406,82,227,299,122,70,76,153,77,519,45,100,360,1786,699,88,63,3,24,25,168,37,5,28,82,74,822,47,17,48,60,17,11,142
2020-6-14,1170,27,0,88,16,69,81,168,66,151,1018,916,5539,1406,82,227,299,122,71,76,153,77,519,45,100,360,1787,699,88,63,3,24,25,168,37,5,28,82,74,825,47,17,48,60,17,11,142
2020-6-15,1176,27,0,88,16,69,81,168,66,151,1018,916,5587,1409,82,227,299,122,71,76,154,77,520,45,100,360,1787,699,88,63,3,24,25,168,37,5,28,82,74,826,47,17,48,60,17,11,142
2020-6-16,1178,27,0,88,16,69,81,168,66,151,1019,916,5614,1411,82,227,299,122,72,76,154,78,521,45,100,363,1790,699,88,63,3,24,25,168,37,5,28,82,74,827,47,17,48,60,17,11,142
2020-6-17,1184,27,0,88,16,69,81,168,66,151,1020,917,5630,1418,82,227,299,122,72,76,155,79,524,45,100,363,1794,699,88,63,3,24,25,168,37,5,28,82,74,830,47,17,48,60,17,11,142
2020-6-18,1189,27,0,89,16,69,82,168,66,151,1022,919,5671,1424,83,227,299,122,72,76,155,79,524,45,101,363,1798,699,88,63,3,24,25,168,37,5,28,82,74,833,47,17,48,60,17,11,142
2020-6-19,1192,27,0,89,16,69,82,168,66,151,1024,919,5706,1426,83,227,299,122,72,77,155,80,525,46,101,364,1800,700,88,63,3,24,25,168,37,5,28,82,74,838,47,17,48,60,17,11,142
2020-6-20,1195,27,0,89,16,69,82,170,66,151,1028,921,5745,1431,83,227,299,122,72,77,156,80,526,46,101,365,1806,700,88,63,3,24,25,168,37,5,28,82,74,838,47,17,48,60,17,11,142
2020-6-21,1197,27,0,89,16,69,82,170,66,151,1035,921,5779,1431,83,227,299,122,72,77,156,80,526,46,101,365,1809,702,88,63,3,24,25,168,37,5,28,82,74,838,47,17,48,60,17,11,142
2020-6-22,1199,27,0,90,16,69,82,170,66,151,1039,923,5808,1431,83,227,300,122,72,77,156,80,526,46,101,365,1809,702,88,63,3,24,25,168,37,5,28,82,74,838,47,17,49,60,17,11,142
2020-6-23,1200,27,0,90,16,69,82,170,66,151,1051,926,5839,1432,83,227,300,122,72,77,156,80,526,46,101,365,1809,703,88,64,3,24,25,168,37,5,28,82,74,841,47,17,49,60,17,11,142
2020-6-24,1210,27,0,91,16,69,82,170,66,152,1060,930,5894,1436,83,227,300,122,72,77,156,80,526,46,101,365,1811,704,88,64,3,24,26,168,37,5,28,82,74,842,47,17,49,60,17,11,142
2020-6-25,1216,27,0,91,16,69,82,170,66,152,1071,934,5942,1442,83,227,300,122,72,77,156,80,526,46,101,366,1812,704,88,64,3,24,26,168,37,5,28,82,74,844,47,17,49,60,17,11,142
2020-6-26,1221,27,0,92,16,69,82,172,66,152,1087,938,5996,1449,83,227,300,122,74,77,156,80,526,46,101,370,1814,705,88,64,3,24,26,168,37,6,28,82,74,844,47,17,49,60,17,11,142
2020-6-27,1222,27,0,92,16,69,82,172,69,152,1098,943,6053,1453,83,227,300,122,74,77,156,80,526,46,101,374,1816,705,88,64,3,24,26,168,37,6,28,82,74,845,47,17,49,60,17,11,142
2020-6-28,1239,27,0,94,16,69,82,173,74,152,1106,946,6113,1463,83,227,300,122,74,77,156,80,526,46,101,375,1821,705,88,64,3,24,26,168,37,6,28,82,74,845,47,17,49,60,17,11,142
2020-6-29,1250,27,0,94,16,69,82,174,76,152,1119,950,6171,1469,83,227,300,122,74,77,156,81,527,46,101,379,1828,705,88,64,3,24,26,168,37,6,28,82,74,846,47,17,49,60,17,11,142
2020-6-30,1263,27,0,94,16,69,82,174,79,153,1129,957,6225,1500,83,227,300,122,74,77,156,81,528,46,101,381,1833,706,88,64,3,24,26,168,37,6,28,82,74,850,47,17,49,60,17,11,142
2020-7-1,1267,27,0,95,16,69,82,174,82,153,1143,963,6292,1508,83,227,300,122,75,77,157,81,528,46,103,383,1843,708,88,64,3,24,26,169,37,6,28,82,74,854,47,17,49,60,17,12,142
2020-7-2,1275,27,0,95,16,69,82,176,84,153,1162,974,6399,1519,83,228,300,122,75,77,160,81,528,46,103,386,1851,709,88,64,4,24,28,169,37,6,28,82,74,858,47,17,49,60,17,21,142
2020-7-3,1275,27,0,97,16,69,82,182,86,154,1188,983,6523,1543,83,228,300,122,75,77,160,86,528,46,103,391,1862,709,88,64,4,24,28,169,37,6,28,82,74,862,47,17,49,60,17,51,142
2020-7-4,1276,27,0,98,16,70,82,183,86,155,1215,998,6654,1563,84,228,300,122,75,77,160,86,528,46,103,400,1879,710,89,64,4,24,28,169,37,6,28,82,74,868,47,18,49,60,17,85,142
2020-7-5,1277,27,0,98,16,70,82,183,87,155,1236,1005,6765,1584,84,228,300,122,75,77,160,86,528,46,103,401,1885,712,91,64,4,24,28,169,37,6,28,82,74,877,47,18,49,60,18,98,142
2020-7-6,1277,27,0,98,16,71,82,186,87,155,1252,1014,6867,1595,84,228,300,122,75,77,160,86,530,46,103,404,1893,716,92,64,4,24,28,169,37,6,28,82,74,878,47,18,49,60,18,110,142
2020-7-7,1278,27,0,98,16,71,82,187,88,155,1279,1025,6973,1603,84,229,300,122,75,77,160,88,530,46,103,413,1905,717,94,64,4,24,28,171,37,9,28,82,74,885,47,18,49,60,18,119,142
2020-7-8,1282,27,0,99,16,71,82,188,90,155,1327,1034,7048,1626,85,229,300,122,75,77,160,89,532,46,104,415,1915,720,96,64,4,24,28,171,37,9,28,82,74,898,47,19,49,60,18,122,144
2020-7-9,1283,28,0,100,16,71,82,189,90,155,1349,1056,7272,1651,85,230,300,122,75,77,162,91,532,46,104,420,1945,722,98,66,4,24,28,171,37,9,28,82,74,902,47,19,49,60,18,124,145
2020-7-10,1289,29,0,100,16,71,83,196,93,155,1393,1068,7515,1683,85,230,300,122,76,77,162,92,532,47,104,430,1967,726,103,71,4,24,28,175,37,10,29,82,74,908,47,20,49,60,18,132,146
2020-7-11,1290,30,0,104,16,71,83,196,93,155,1428,1081,7721,1718,86,230,300,122,76,77,162,92,534,48,104,439,1995,731,110,75,4,24,28,178,37,10,29,82,74,917,47,22,49,60,18,137,148
2020-7-12,1294,30,0,106,16,71,83,199,95,155,1459,1112,7927,1741,86,230,300,123,76,78,162,94,534,50,106,447,2027,737,115,80,5,24,28,179,37,10,29,82,74,922,47,26,49,60,20,145,148
2020-7-13,1296,30,0,108,16,73,83,202,98,157,1485,1129,8045,1757,86,230,300,124,76,79,162,94,536,50,106,456,2045,738,119,83,5,24,28,182,37,10,30,82,75,924,47,30,49,60,20,150,148
2020-7-14,1304,30,0,110,16,73,84,204,103,157,1527,1154,8188,1785,86,230,300,124,76,79,165,96,541,50,106,468,2065,747,122,84,5,25,29,186,37,10,31,82,75,928,47,31,49,60,20,155,148
2020-7-15,1317,30,0,112,16,74,84,209,107,161,1565,1183,8353,1827,88,230,300,125,76,80,166,97,557,52,107,477,2126,759,127,84,5,25,30,193,37,10,32,82,75,937,47,32,49,60,20,158,148
2020-7-16,1323,31,0,126,16,75,84,211,112,164,1614,1215,8639,1874,88,230,300,125,77,81,168,99,578,54,108,490,2192,776,134,84,5,25,32,198,38,10,42,82,76,953,47,32,50,60,20,162,149
2020-7-17,1326,31,0,129,16,75,84,215,118,166,1665,1235,8932,1917,88,230,301,126,77,83,172,102,597,55,109,502,2245,801,139,87,5,25,34,205,41,10,43,82,76,972,47,33,50,60,20,163,149
2020-7-18,1339,31,0,132,16,75,84,220,124,167,1713,1267,9222,1966,89,231,303,126,77,84,173,104,622,56,109,527,2331,813,147,89,5,25,37,207,42,10,44,82,76,996,47,39,50,60,20,164,149
2020-7-19,1348,31,0,132,16,75,84,225,133,167,1751,1291,9410,1996,89,231,303,126,78,84,177,108,643,57,110,539,2420,834,150,89,5,25,41,209,42,10,44,82,76,1028,47,40,50,60,20,165,151
2020-7-20,1351,31,0,136,16,75,84,226,136,167,1779,1309,9578,2007,89,231,303,126,79,86,180,109,664,58,111,566,2469,841,152,93,5,25,43,213,42,10,44,83,76,1060,48,44,51,60,20,170,153
2020-7-21,1361,31,0,136,16,75,84,230,139,169,1826,1324,9815,2037,89,233,306,126,80,86,194,114,717,58,117,586,2541,853,159,96,5,25,44,221,42,10,44,83,76,1113,49,47,52,60,20,172,155
2020-7-22,1367,31,0,138,16,75,85,235,142,174,1888,1364,10053,2105,91,234,306,126,80,86,200,119,781,59,128,605,2662,883,167,100,5,26,44,227,43,10,45,83,77,1174,55,50,54,60,23,174,157
2020-7-23,1371,31,0,140,16,75,86,237,147,177,1952,1397,10419,2158,91,235,307,127,85,86,208,124,878,61,145,624,2766,918,180,109,5,26,45,243,47,10,45,83,77,1240,57,50,57,60,27,189,162
2020-7-24,1377,31,0,140,16,75,86,239,151,177,1997,1423,10679,2186,91,235,310,127,86,87,216,131,942,63,151,640,2915,941,192,112,5,28,49,250,47,10,45,84,78,1292,63,51,58,60,36,203,172
2020-7-25,1386,31,0,142,17,75,86,239,159,179,2032,1444,10974,2204,91,235,310,127,86,88,220,161,1020,65,152,644,3047,965,196,116,6,28,59,257,47,12,45,84,78,1341,66,51,60,60,55,211,186
2020-7-26,1391,31,0,142,18,75,86,242,163,179,2065,1466,11213,2237,93,235,313,129,86,92,231,186,1103,70,153,657,3188,1014,202,122,6,28,61,261,49,12,45,85,79,1431,67,52,81,60,63,216,192
2020-7-27,1396,31,0,147,18,75,86,244,167,179,2088,1490,11344,2251,93,236,313,129,88,92,240,200,1182,74,155,677,3274,1026,206,130,6,29,64,267,50,16,45,87,79,1480,67,54,114,60,74,219,210
2020-7-28,1399,31,0,149,18,75,86,259,169,182,2143,1513,11610,2284,96,236,314,129,90,98,265,218,1296,80,157,708,3429,1059,212,134,8,29,66,286,51,16,46,89,80,1534,69,59,136,62,94,229,231
2020-7-29,1404,31,2,153,18,75,87,268,185,183,2196,1562,11860,2354,98,236,316,135,90,102,295,234,1469,90,163,749,3650,1105,218,140,10,29,71,303,53,23,46,89,80,1635,72,61,157,62,106,232,275
2020-7-30,1413,31,3,158,18,75,87,280,191,187,2253,1611,12227,2430,102,238,320,137,94,103,312,250,1636,91,168,758,3840,1158,225,142,11,29,76,311,53,24,46,89,80,1756,75,66,173,64,121,236,324
2020-7-31,1428,32,4,160,18,76,89,294,195,190,2310,1646,12689,2483,110,238,321,139,97,105,331,273,1835,101,171,787,4056,1220,234,150,15,29,79,329,53,25,46,89,80,1925,82,74,191,66,141,252,395
2020-8-1,1446,32,4,165,18,76,89,308,195,191,2384,1719,13161,2541,113,243,322,139,101,111,344,289,2016,112,179,809,4251,1252,253,163,16,29,86,347,58,26,46,92,80,2046,90,89,217,68,157,256,453
2020-8-2,1455,32,4,168,18,76,89,322,199,192,2458,1770,13453,2613,115,244,323,140,103,117,351,307,2176,124,184,826,4445,1312,261,167,18,29,88,357,58,28,46,95,81,2191,95,112,237,68,187,256,516
2020-8-3,1478,32,4,174,18,76,89,327,202,194,2507,1813,13711,2661,118,248,323,142,107,119,362,309,2307,144,202,855,4526,1339,269,169,18,29,91,366,58,30,46,99,82,2266,104,117,243,70,195,256,553
2020-8-4,1489,32,4,176,18,76,89,334,207,197,2556,1860,14020,2750,119,254,324,145,109,122,379,325,2435,155,207,876,4719,1371,274,170,19,29,94,376,59,32,48,100,82,2353,111,135,280,73,207,262,636
2020-8-5,1503,32,5,177,18,76,91,344,224,202,2620,1910,14283,2831,119,261,324,149,114,125,400,334,2583,179,236,903,4915,1423,283,173,19,29,101,387,60,43,53,100,82,2476,121,140,322,74,215,266,710
2020-8-6,1514,32,6,180,18,76,93,356,230,208,2685,1986,14643,2949,121,266,330,152,124,126,420,343,2725,189,242,923,5140,1484,290,173,21,29,103,394,64,54,57,100,82,2612,133,145,332,76,228,273,782
2020-8-7,1528,32,7,181,32,76,95,368,238,214,2735,2051,15104,3056,125,271,331,153,127,127,435,345,2884,212,273,942,5395,1533,299,173,21,29,107,397,64,55,58,100,83,2752,140,149,341,78,235,275,882
2020-8-8,1541,32,7,182,34,76,96,380,243,221,2819,2104,15533,3184,127,282,342,153,129,127,450,356,3064,229,283,963,5573,1588,315,174,21,31,110,403,70,57,59,101,83,2902,145,159,351,80,248,277,966
2020-8-9,1552,32,7,182,35,76,96,397,246,226,2875,2150,15864,3265,127,285,364,154,130,131,465,364,3194,238,291,983,5768,1636,327,179,21,123,111,408,76,58,60,102,83,3010,154,166,354,87,254,277,1122
2020-8-10,1565,32,7,182,35,76,98,403,249,234,2917,2191,16061,3303,127,290,376,154,132,132,472,370,3295,249,298,991,5891,1662,333,182,21,126,113,415,78,60,60,107,83,3082,157,167,357,92,262,277,1173
2020-8-11,1579,32,7,182,35,76,98,406,252,238,2953,2209,16249,3330,127,293,390,154,132,134,475,377,3362,252,302,1001,5992,1692,335,184,21,130,115,423,78,61,60,107,83,3136,162,170,361,93,264,277,1237
2020-8-12,1583,32,7,184,36,76,100,416,261,245,2998,2243,16471,3396,128,296,399,154,135,139,484,387,3448,262,311,1026,6176,1728,337,186,21,132,117,426,78,62,60,107,83,3213,174,171,371,93,269,277,1302
2020-8-13,1593,32,8,184,37,76,101,431,265,254,3054,2289,16677,3519,128,301,412,154,136,140,492,390,3558,268,317,1061,6353,1776,346,189,21,132,119,431,81,70,61,108,83,3356,175,173,380,93,274,277,1397
2020-8-14,1605,33,8,184,38,76,102,443,269,270,3110,2340,17066,3636,128,303,425,154,139,145,500,399,3646,275,324,1091,6545,1809,359,190,21,132,123,434,82,81,62,109,83,3481,180,178,392,94,277,281,1502
2020-8-15,1619,33,8,184,40,76,105,450,269,279,3162,2400,17451,3772,128,307,438,154,140,148,511,410,3718,281,331,1113,6696,1862,364,194,21,132,125,435,82,86,63,110,97,3556,190,184,403,97,282,296,1549
2020-8-16,1627,33,9,184,42,76,105,452,276,298,3218,2448,17711,3851,128,308,456,155,140,148,512,417,3801,284,337,1119,6843,1899,388,196,21,132,126,437,83,90,65,110,102,3629,195,185,407,103,288,323,1608
2020-8-17,1632,33,9,185,43,76,106,456,277,307,3253,2480,17872,3902,129,314,475,155,142,149,516,418,3844,285,346,1138,6914,1923,397,198,21,133,126,437,83,91,67,110,103,3679,198,185,412,113,294,328,1646
2020-8-18,1638,33,9,186,44,76,109,463,282,322,3277,2517,18079,3986,132,323,486,155,149,150,520,423,3901,288,354,1164,7099,1948,434,209,21,133,128,437,84,95,68,110,103,3724,199,189,417,120,315,335,1679
2020-8-19,1646,33,9,187,44,76,113,476,284,337,3339,2563,18265,4081,135,329,505,155,159,152,523,428,3958,303,361,1202,7286,1997,444,215,22,134,129,439,89,96,68,111,105,3827,203,189,427,130,318,337,1748
2020-8-20,1671,33,11,189,45,77,120,479,286,351,3410,2627,18604,4185,137,334,524,156,162,154,532,430,4040,318,366,1243,7418,2031,455,219,22,134,131,444,100,97,71,111,105,3897,207,191,442,134,324,340,1790
2020-8-21,1681,33,11,191,45,77,122,490,288,361,3460,2681,18862,4267,137,336,532,157,163,163,533,430,4130,331,373,1281,7584,2070,468,223,22,134,133,448,100,104,71,112,106,3984,214,192,455,137,330,340,1820
2020-8-22,1698,33,11,191,45,77,124,498,288,374,3526,2724,19118,4368,138,339,550,161,164,169,538,436,4200,337,384,1306,7718,2103,477,225,22,134,135,450,107,104,71,113,107,4052,218,198,466,138,338,341,1851
2020-8-23,1712,33,12,192,45,77,125,503,289,380,3557,2760,19330,4417,139,341,566,163,167,172,539,441,4250,342,391,1319,7839,2127,485,225,22,135,138,451,111,106,71,114,109,4115,222,201,471,138,342,342,1876
2020-8-24,1720,33,12,192,45,77,128,507,289,384,3587,2787,19425,4456,139,342,573,164,168,183,543,446,4293,353,401,1326,7899,2135,487,227,22,136,141,452,114,109,74,114,109,4166,224,204,475,140,346,346,1898
2020-8-25,1727,33,13,192,46,77,134,512,289,392,3622,2820,19607,4512,139,350,585,171,169,185,548,454,4336,353,415,1343,8018,2158,492,227,22,137,142,453,120,111,74,114,109,4219,225,208,480,140,351,348,1929
2020-8-26,1734,33,19,192,48,77,139,524,294,408,3676,2863,19843,4597,139,360,592,177,172,194,549,460,4386,354,423,1374,8137,2186,496,228,22,137,142,453,135,120,75,114,118,4279,227,212,485,143,351,349,1963
2020-8-27,1744,35,19,193,48,77,146,532,295,426,3745,2908,20093,4663,140,368,605,190,172,200,551,472,4425,360,428,1401,8231,2208,500,228,22,137,143,454,141,124,75,114,118,4343,229,219,491,144,352,351,1997
2020-8-28,1760,35,19,198,48,77,151,538,302,432,3801,2947,20319,4738,141,374,613,206,172,219,551,478,4476,365,436,1422,8337,2234,502,228,22,137,145,456,151,127,78,114,119,4409,235,224,498,144,354,356,2039
2020-8-29,1769,35,19,203,49,77,157,542,303,434,3856,2980,20566,4844,142,382,620,211,172,237,555,480,4521,365,441,1439,8427,2254,504,230,22,137,145,457,158,128,78,114,124,4485,237,229,509,144,356,359,2070
2020-8-30,1773,35,19,204,49,78,158,544,303,437,3898,3019,20714,4908,142,385,624,222,173,249,555,480,4557,368,444,1448,8489,2267,509,230,22,137,145,458,164,128,78,114,125,4565,237,230,511,145,357,361,2103
2020-8-31,1781,35,19,207,49,78,161,545,303,440,3923,3036,20814,4958,142,388,626,228,173,256,555,480,4599,380,450,1452,8542,2275,512,230,22,137,145,458,168,130,78,114,125,4595,237,231,520,145,358,362,2126
2020-9-1,1797,35,22,210,49,78,167,549,306,445,3969,3054,20984,5017,143,394,653,232,173,261,558,482,4623,380,452,1474,8656,2296,517,230,22,137,145,458,170,133,79,114,128,4633,237,232,524,147,359,363,2126
2020-9-2,1803,35,22,214,49,78,168,555,307,451,4009,3078,21125,5093,144,397,666,236,173,268,562,484,4651,383,454,1493,8752,2303,518,231,22,137,145,459,175,137,83,114,129,4682,239,232,528,150,359,363,2140
2020-9-3,1809,35,22,226,50,78,172,559,308,463,4051,3111,21336,5174,144,400,677,238,174,280,563,485,4669,388,458,1512,8826,2316,520,231,22,137,146,459,178,141,85,114,130,4718,239,234,534,151,359,368,2159
2020-9-4,1814,35,23,231,50,78,173,567,309,471,4075,3146,21472,5282,144,401,681,241,174,284,564,487,4702,399,459,1536,8900,2329,525,231,22,137,146,459,178,145,85,114,130,4752,239,234,537,153,359,370,2186
2020-9-5,1824,35,23,239,50,78,175,573,309,474,4097,3174,21653,5349,144,402,697,243,175,286,564,494,4736,424,462,1561,8976,2338,528,232,22,137,146,459,181,145,85,114,131,4779,240,234,543,157,360,371,2206
2020-9-6,1828,35,23,242,50,78,178,583,310,482,4118,3197,21769,5428,144,402,704,243,176,287,564,494,4763,424,462,1575,9043,2354,532,233,22,137,146,459,184,145,85,114,132,4814,240,234,545,157,360,371,2206
2020-9-7,1834,35,23,249,50,78,179,583,314,491,4132,3211,21845,5457,144,403,708,243,177,290,564,494,4784,435,464,1583,9088,2360,532,234,22,137,146,460,184,145,86,114,132,4814,241,234,547,157,360,371,2224
2020-9-8,1845,35,23,256,50,78,184,588,316,496,4144,3243,22015,5520,145,406,712,244,178,292,566,494,4796,443,465,1594,9169,2378,533,235,22,137,146,464,184,146,87,114,134,4842,242,234,550,157,360,371,2233
2020-9-9,1849,35,23,267,50,78,186,589,319,501,4169,3266,22164,5626,146,407,718,244,178,293,568,499,4817,445,466,1600,9232,2400,534,235,22,137,146,464,189,146,87,114,134,4868,242,234,553,158,360,372,2241
2020-9-10,1860,35,23,275,50,78,191,593,323,505,4199,3294,22440,5738,146,408,722,244,179,295,569,503,4853,450,467,1607,9324,2421,536,235,22,137,146,464,193,146,88,114,134,4892,243,234,557,158,360,372,2257
2020-9-11,1866,35,23,290,50,78,200,606,328,517,4224,3325,22627,5820,146,408,724,244,179,296,574,504,4901,455,468,1609,9444,2435,537,236,23,137,146,464,194,146,88,114,137,4917,244,234,564,158,361,372,2267
2020-9-12,1873,35,23,302,50,78,204,609,338,541,4260,3370,22853,5888,147,408,730,244,179,296,580,504,4930,457,471,1616,9527,2455,538,236,31,137,146,466,194,147,90,114,137,4931,244,235,568,158,363,372,2278
2020-9-13,1876,35,23,310,50,78,208,612,338,547,4282,3390,22999,5941,148,408,730,244,179,296,592,504,4963,460,471,1624,9604,2470,538,236,32,137,146,468,194,147,90,114,137,4940,244,235,569,158,363,372,2288
2020-9-14,1884,35,23,313,51,78,211,614,359,553,4298,3401,23079,5956,148,408,731,244,179,296,594,504,4986,463,471,1628,9636,2478,539,236,33,137,147,472,194,147,93,114,137,4947,244,236,569,158,364,372,2291
2020-9-15,1892,35,23,331,51,78,214,616,368,567,4317,3431,23270,6008,150,408,736,244,179,297,596,506,5007,464,472,1641,9725,2501,543,236,33,137,147,474,194,147,93,114,137,4958,244,236,570,158,365,373,2295
2020-9-16,1903,35,23,337,51,78,217,618,369,591,4346,3468,23433,6109,152,408,736,244,180,299,596,511,5029,466,474,1650,9803,2521,543,236,34,137,147,474,194,147,93,114,137,4969,244,236,570,158,365,376,2303
2020-9-17,1910,35,23,346,51,78,218,621,375,602,4366,3502,23604,6174,157,409,742,244,180,299,596,514,5065,467,475,1659,9860,2537,544,236,34,137,147,474,195,147,94,114,137,4978,244,236,570,158,365,376,2308
2020-9-18,1927,35,23,351,51,78,218,622,376,629,4390,3542,23824,6252,160,410,744,244,180,299,596,517,5105,469,476,1664,9920,2549,544,236,35,137,148,475,195,147,94,114,137,4986,244,236,571,158,365,376,2320
2020-9-19,1944,35,23,365,52,78,218,623,385,644,4413,3588,24042,6320,161,410,750,244,180,301,597,519,5136,470,477,1672,10001,2570,545,236,35,137,148,475,195,147,94,114,137,4995,244,236,571,158,365,377,2333
2020-9-20,1960,35,23,367,53,78,221,624,387,663,4429,3623,24204,6380,164,410,754,244,180,301,597,522,5169,471,478,1690,10060,2575,547,236,35,137,148,476,195,147,94,114,137,5002,244,236,571,158,365,377,2348
2020-9-21,1975,35,23,369,53,78,225,627,399,670,4444,3637,24301,6400,164,410,756,244,180,303,599,522,5188,475,479,1695,10099,2602,548,236,35,137,148,479,195,147,94,114,137,5003,244,236,571,158,365,378,2355
2020-9-22,1984,35,23,372,53,78,226,629,401,683,4458,3655,24389,6438,164,410,760,244,180,303,600,522,5197,480,479,1702,10166,2615,549,237,35,137,148,487,195,147,94,114,137,5005,244,236,571,158,365,389,2361
2020-9-23,1996,35,23,375,53,78,228,630,407,684,4470,3675,24448,6449,164,410,761,244,180,303,603,522,5211,483,481,1705,10205,2616,551,238,35,137,148,492,195,147,94,114,137,5006,244,236,571,158,365,389,2374
2020-9-24,2007,35,23,383,53,78,232,631,410,688,4491,3701,24641,6507,167,410,763,244,180,303,606,522,5245,484,483,1710,10271,2624,551,238,35,139,149,495,195,147,94,114,137,5011,244,236,572,158,365,393,2380
2020-9-25,2032,35,23,385,53,78,242,632,425,696,4518,3732,24836,6585,167,411,771,244,181,303,611,526,5283,489,486,1715,10333,2636,553,238,35,140,150,505,195,147,94,114,137,5016,244,236,572,158,365,400,2386
2020-9-26,2039,35,23,389,53,78,242,637,426,698,4541,3770,25105,6675,169,412,773,244,181,303,616,530,5307,494,490,1726,10399,2658,555,238,35,140,152,516,196,147,94,114,137,5022,245,236,572,158,365,405,2406
2020-9-27,2058,35,23,392,53,78,247,638,426,699,4576,3791,25249,6740,169,412,776,244,182,305,616,532,5356,495,495,1731,10447,2674,555,240,35,140,153,532,198,147,94,114,138,5026,245,236,572,158,365,411,2426
2020-9-28,2075,36,23,397,53,78,251,649,426,699,4596,3807,25327,6757,169,413,776,244,183,305,622,532,5375,502,495,1739,10483,2684,560,240,35,140,154,548,198,147,94,114,138,5027,245,236,572,158,365,412,2440
2020-9-29,2091,36,23,399,53,78,251,652,427,699,4621,3847,25538,6815,169,417,776,244,186,305,623,534,5403,503,501,1747,10534,2702,561,241,35,140,154,562,200,147,94,114,138,5031,245,236,574,158,365,415,2459
2020-9-30,2107,36,23,406,53,78,253,657,430,701,4649,3881,25732,6894,169,419,776,244,190,309,626,541,5429,509,502,1762,10593,2717,562,242,35,140,157,577,201,148,94,114,138,5039,245,236,575,158,365,417,2484
2020-10-1,2126,36,23,413,53,78,253,659,431,706,4682,3919,25966,6972,169,421,777,244,193,310,627,548,5450,523,503,1767,10669,2738,567,242,35,140,157,580,201,148,94,114,138,5042,245,238,578,158,365,422,2513
2020-10-2,2141,37,23,418,53,78,263,668,432,719,4712,3953,26162,7038,169,422,777,244,193,311,627,551,5469,525,503,1776,10719,2767,568,242,35,140,157,588,201,148,94,114,138,5046,245,238,580,158,365,424,2538
2020-10-3,2159,37,24,425,53,78,263,671,434,725,4762,3995,26367,7097,169,422,777,244,194,312,629,557,5485,527,503,1783,10770,2782,573,242,35,140,158,602,201,148,94,114,138,5053,246,238,588,158,365,425,2567
2020-10-4,2181,37,24,428,58,78,267,676,436,728,4797,4032,26474,7134,169,422,777,244,194,313,630,558,5503,530,505,1787,10809,2797,574,242,35,140,158,603,201,149,94,115,138,5056,246,238,607,158,365,428,2587
2020-10-5,2217,37,24,433,58,78,269,677,437,728,4817,4054,26539,7145,169,422,778,244,195,313,630,558,5515,530,506,1791,10840,2804,574,242,35,140,161,604,201,149,94,115,138,5056,246,238,626,158,365,434,2606
2020-10-6,2229,37,24,441,58,78,272,681,441,733,4837,4095,26715,7210,169,422,778,246,196,313,631,558,5529,534,507,1796,10899,2822,574,242,35,140,161,609,204,149,94,115,138,5060,246,238,639,158,365,439,2628
2020-10-7,2267,37,24,453,58,78,279,693,442,735,4876,4139,26855,7264,170,422,778,247,196,316,631,564,5544,535,508,1800,10950,2838,576,242,35,140,161,613,206,149,94,115,138,5068,248,238,642,158,365,444,2654
2020-10-8,2296,37,24,461,58,79,287,698,442,741,4920,4178,27103,7329,175,422,778,248,196,317,631,565,5559,535,510,1809,10999,2865,580,243,35,140,162,617,207,149,94,115,138,5076,248,239,652,158,365,447,2680
2020-10-9,2323,37,24,474,58,81,295,700,442,747,4948,4217,27306,7406,175,422,780,249,196,318,632,565,5570,535,511,1824,11057,2881,588,249,35,140,163,622,208,149,94,115,138,5087,248,241,673,158,365,447,2708
2020-10-10,2347,37,24,484,58,81,302,706,444,755,5048,4252,27554,7469,176,422,780,249,196,320,633,566,5591,537,514,1844,11109,2893,588,249,35,140,163,625,209,149,95,115,138,5100,248,241,682,158,365,449,2727
2020-10-11,2378,37,24,486,59,81,314,709,444,759,5078,4295,27700,7506,178,422,780,249,197,320,634,566,5605,538,514,1851,11154,2905,592,249,35,140,163,629,209,149,97,115,139,5103,248,241,690,158,365,455,2738
2020-10-12,2390,39,24,491,59,81,317,710,444,761,5096,4306,27778,7535,178,422,780,249,197,320,635,567,5623,542,515,1863,11180,2913,593,249,35,140,163,641,209,149,97,115,139,5104,248,241,702,158,365,456,2752
2020-10-13,2410,39,25,499,59,81,319,710,444,763,5127,4330,27944,7589,178,422,782,249,199,320,636,567,5647,542,518,1892,11249,2926,596,252,35,140,164,642,209,149,97,115,139,5110,249,241,714,158,365,456,2766
2020-10-14,2430,41,25,504,59,81,324,715,452,763,5174,4361,28121,7677,178,422,786,249,199,320,638,568,5662,544,519,1898,11310,2945,598,252,35,140,168,643,209,149,97,115,139,5123,249,241,720,158,366,459,2786
2020-10-15,2460,57,26,508,59,81,332,719,453,764,5231,4415,28405,7756,179,422,787,250,199,320,640,572,5681,544,520,1907,11361,2959,600,254,35,140,168,646,209,149,98,115,140,5128,249,241,726,158,366,462,2825
2020-10-16,2491,83,26,522,59,81,347,723,458,766,5283,4458,28588,7841,179,422,788,254,199,323,642,575,5702,546,520,1914,11414,2977,603,254,35,140,170,647,209,149,99,116,140,5136,250,241,735,159,366,463,2855
2020-10-17,2518,100,26,524,59,81,359,725,463,769,5328,4490,28823,7891,179,422,793,254,199,326,642,578,5730,549,522,1922,11464,2994,606,255,35,140,172,649,209,158,100,116,140,5139,252,242,740,159,366,463,2888
2020-10-18,2542,104,26,526,59,81,362,728,465,774,5368,4515,28955,7940,179,422,795,256,199,326,642,578,5751,549,524,1928,11514,3007,606,255,35,140,173,650,209,158,100,116,140,5142,252,242,744,159,366,463,2916
2020-10-19,2559,122,26,529,59,81,369,728,466,785,5390,4533,29033,7963,179,422,795,256,199,326,644,580,5766,550,527,1931,11555,3012,606,255,35,140,173,651,209,159,100,116,140,5146,252,242,746,159,366,463,2951
2020-10-20,2590,134,26,538,60,81,369,730,471,797,5423,4573,29172,8010,179,422,795,256,199,326,647,580,5779,551,530,1934,11620,3025,608,259,35,140,174,651,209,162,100,116,140,5153,252,242,750,159,366,463,2972
2020-10-21,2612,143,26,544,61,82,374,731,473,806,5473,4622,29317,8098,179,422,795,256,202,327,651,583,5815,551,531,1945,11702,3039,610,260,35,140,185,652,210,163,101,116,140,5160,253,242,754,159,366,463,3009
2020-10-22,2652,149,26,545,61,84,378,735,473,820,5518,4665,29502,8153,179,422,795,256,202,329,660,585,5834,554,533,1958,11780,3056,613,266,35,140,188,652,211,164,102,116,140,5169,253,242,759,159,366,463,3047
2020-10-23,2703,158,27,565,61,84,379,737,476,839,5558,4719,29688,8243,179,422,797,256,203,330,668,588,5877,555,535,1966,11880,3077,616,268,35,140,194,654,213,164,102,116,140,5174,253,243,767,159,366,463,3092
2020-10-24,2763,175,27,572,61,84,385,739,476,858,5599,4760,29889,8303,180,422,797,256,203,331,671,592,5919,555,537,1971,11976,3125,617,270,35,140,198,655,213,164,102,116,140,5179,254,244,768,159,367,463,3132
2020-10-25,2804,178,27,602,61,84,386,741,477,867,5616,4796,30013,8363,181,422,798,256,203,334,672,592,5935,555,538,1974,12046,3140,617,272,37,140,203,656,213,164,102,116,142,5185,254,244,769,159,367,463,3163
2020-10-26,2854,189,27,610,61,86,386,743,477,870,5650,4821,30115,8385,181,422,799,256,206,334,672,596,5972,555,539,1981,12089,3146,618,272,37,141,206,656,213,164,102,116,142,5189,254,244,772,159,367,463,3192
2020-10-27,2881,205,27,655,61,86,387,744,480,874,5679,4865,30273,8449,181,422,800,256,209,334,672,605,6007,555,543,1989,12231,3156,618,272,38,141,215,657,213,164,102,116,143,5194,254,244,775,159,367,463,3214
2020-10-28,2933,212,27,679,61,86,387,750,482,884,5723,4905,30444,8513,181,422,803,256,212,335,672,620,6058,555,546,2003,12348,3185,623,273,38,141,230,658,213,164,102,116,144,5202,254,244,782,159,367,464,3243
2020-10-29,2986,217,27,689,61,86,387,757,484,890,5762,4948,30664,8584,182,423,803,256,212,338,677,636,6145,556,546,2014,12473,3202,627,273,38,141,261,659,213,164,102,116,144,5207,254,244,786,159,367,468,3275
2020-10-30,3055,222,27,700,61,86,387,764,487,894,5823,4982,30867,8644,182,423,806,256,213,339,681,646,6196,563,547,2027,12610,3222,631,274,38,141,273,659,213,164,102,116,144,5217,254,244,791,159,367,470,3301
2020-10-31,3136,227,27,726,63,86,388,768,489,900,5852,5019,31082,8709,183,423,810,257,216,341,686,656,6293,565,552,2046,12753,3250,641,275,38,141,286,662,213,164,102,116,144,5226,254,245,797,159,367,470,3333
2020-11-1,3205,236,27,742,63,86,388,770,489,901,5885,5043,31198,8774,183,423,812,257,216,343,687,660,6341,566,553,2061,12876,3265,652,275,38,141,291,662,213,164,102,116,144,5231,254,245,802,159,367,475,3360
2020-11-2,3301,244,27,771,64,86,389,773,490,902,5911,5064,31285,8796,183,423,812,257,218,344,693,661,6385,568,557,2068,12950,3275,657,277,38,141,291,662,213,164,102,116,144,5235,256,245,808,159,367,475,3373
2020-11-3,3372,245,29,787,64,86,401,775,492,905,5941,5104,31494,8864,183,423,813,257,218,349,698,675,6470,569,560,2081,13106,3327,668,277,38,141,303,662,215,164,102,116,144,5237,264,245,814,159,369,483,3392
2020-11-4,3447,256,29,803,64,86,401,779,493,910,5983,5134,31616,8908,183,423,813,257,221,350,700,680,6523,574,563,2090,13191,3363,672,278,38,141,309,665,215,164,103,116,144,5246,266,245,825,159,371,488,3408
2020-11-5,3566,264,29,821,67,86,409,789,494,913,6015,5192,31885,9017,185,424,815,257,225,350,710,690,6602,575,584,2101,13316,3406,687,280,38,141,315,667,223,164,104,116,144,5251,266,246,836,159,372,505,3435
2020-11-6,3681,269,30,834,67,86,410,796,496,918,6129,5234,32127,9121,186,424,816,257,229,351,726,707,6684,587,593,2125,13485,3455,704,280,42,141,323,670,223,167,104,117,144,5268,267,249,843,160,372,518,3456
2020-11-7,3868,271,30,852,67,86,413,806,498,924,6198,5295,32421,9258,188,424,819,258,233,369,729,737,6797,595,599,2145,13676,3486,719,286,43,141,332,673,225,167,105,117,144,5276,268,249,847,160,372,523,3488
2020-11-8,4021,273,30,865,67,87,415,818,498,925,6242,5339,32610,9335,195,424,822,259,241,370,735,750,6878,596,601,2166,13816,3518,730,288,43,141,338,676,225,167,107,117,144,5280,268,249,854,161,373,534,3517
2020-11-9,4221,274,31,872,67,88,418,825,499,927,6293,5371,32766,9371,198,424,823,262,243,384,742,756,6935,597,619,2174,13894,3538,738,289,50,141,340,678,225,168,107,117,144,5284,274,249,857,161,373,537,3535
2020-11-10,4387,274,33,892,68,89,418,834,503,932,6360,5419,33059,9469,200,425,824,266,256,387,755,772,7063,599,624,2187,14120,3596,747,291,51,141,341,680,231,170,108,117,144,5307,274,249,860,161,373,542,3560
2020-11-11,4584,275,41,925,68,92,419,854,505,937,6476,5484,33375,9599,216,425,825,268,267,393,765,793,7167,603,635,2205,14376,3666,763,298,51,141,348,682,233,170,110,117,144,5328,275,249,866,162,373,547,3596
2020-11-12,4820,275,51,943,70,94,421,880,507,942,6551,5558,33767,9746,222,425,827,269,275,406,785,806,7310,606,646,2222,14607,3747,780,304,51,141,354,684,234,170,113,121,144,5344,276,249,877,163,373,548,3620
2020-11-13,5055,275,64,973,70,94,428,906,509,951,6634,5618,34141,9892,224,425,827,271,281,429,796,822,7458,610,646,2250,14870,3816,803,308,52,141,367,687,248,170,114,123,144,5360,276,250,887,163,373,553,3668
2020-11-14,5285,278,69,983,71,96,431,946,513,951,6738,5706,34493,10039,224,427,828,272,281,448,800,858,7610,616,654,2274,15155,3895,824,318,52,141,379,693,258,171,114,123,144,5367,278,250,903,164,373,554,3694
2020-11-15,5494,278,75,988,73,97,435,967,516,956,6818,5766,34748,10153,226,428,830,272,283,461,809,882,7712,620,662,2296,15421,3974,832,326,52,141,396,700,266,171,115,129,144,5379,278,251,915,164,373,557,3739
2020-11-16,5683,279,77,995,73,98,438,977,517,961,6905,5843,34928,10214,226,429,830,274,288,471,823,894,7775,621,671,2307,15494,4014,843,333,52,141,399,706,267,171,122,130,144,5387,279,251,918,168,374,558,3766
2020-11-17,5880,280,86,1027,74,98,441,1032,523,964,6993,5922,35226,10347,259,430,830,278,291,495,836,909,7913,628,682,2356,15765,4120,852,338,52,142,406,708,279,173,123,138,144,5398,280,252,932,179,375,560,3790
2020-11-18,6113,280,89,1046,74,100,453,1071,527,974,7119,5988,35712,10573,273,435,830,289,292,525,855,996,8054,645,696,2395,16038,4223,880,346,53,142,430,722,285,174,126,144,144,5420,284,253,939,189,385,576,3831
2020-11-19,6380,280,97,1061,74,105,458,1099,542,994,7227,6094,36243,10778,274,438,831,295,298,545,875,1057,8273,666,708,2409,16377,4355,912,361,53,142,445,726,303,175,128,154,144,5442,290,254,944,196,388,585,3884
2020-11-20,6684,280,112,1075,74,107,466,1139,550,1016,7323,6184,36765,10986,285,441,831,298,304,567,890,1116,8475,684,720,2435,16747,4484,935,372,53,142,458,733,325,176,130,166,144,5477,290,257,952,208,399,592,3924
2020-11-21,6918,280,127,1091,74,107,474,1205,558,1033,7495,6293,37304,11178,294,442,833,300,314,592,911,1176,8686,706,730,2470,17163,4636,957,379,53,142,485,741,342,178,132,185,146,5513,293,260,964,209,413,595,3966
2020-11-22,7163,280,137,1100,74,109,476,1252,572,1045,7609,6373,37694,11340,300,445,835,302,318,606,918,1220,8830,721,735,2494,17648,4774,969,384,53,142,498,750,351,179,132,208,146,5543,293,261,970,219,427,597,3998
2020-11-23,7368,281,141,1116,74,109,478,1284,573,1053,7697,6432,38009,11410,313,446,835,303,325,618,932,1267,8925,732,740,2508,17929,4851,990,395,53,142,508,762,355,179,133,234,148,5552,293,262,973,223,432,602,4014
2020-11-24,7584,281,155,1128,75,109,479,1310,584,1069,7740,6474,38197,11477,316,447,836,304,332,629,939,1294,9035,737,747,2521,18138,4928,1005,403,54,142,515,770,356,179,133,251,148,5563,297,263,975,228,438,602,4030
2020-11-25,7765,284,162,1147,83,110,480,1346,595,1087,7839,6547,38599,11636,324,450,838,305,336,638,969,1349,9212,755,756,2552,18457,5026,1016,408,56,143,530,771,363,179,135,265,149,5591,299,264,980,238,448,607,4057
2020-11-26,8021,285,175,1168,84,111,486,1396,599,1117,7998,6629,39081,11888,325,453,843,309,336,654,985,1421,9410,782,760,2585,18783,5210,1038,414,58,144,544,785,367,180,136,283,149,5643,300,265,995,246,457,612,4130
2020-11-27,8273,287,179,1181,89,116,490,1441,607,1148,8101,6736,39651,12107,326,457,846,312,338,670,1014,1479,9644,797,773,2616,19166,5313,1064,428,58,145,568,798,372,181,139,296,149,5701,300,269,1006,255,476,621,4168
2020-11-28,8525,287,183,1194,90,122,496,1507,619,1177,8219,6849,40212,12321,329,458,846,314,338,691,1034,1560,9861,826,776,2646,19628,5456,1081,436,58,146,583,821,381,181,143,304,149,5756,307,269,1010,273,483,623,4244
2020-11-29,8717,287,191,1201,90,133,499,1538,634,1195,8357,6924,40631,12470,331,459,850,314,338,703,1055,1626,10016,844,779,2663,20009,5567,1098,446,58,146,592,846,384,181,144,311,150,5799,307,271,1018,280,490,628,4289
2020-11-30,8868,295,194,1210,90,135,501,1561,638,1207,8422,6992,40943,12553,331,459,853,316,344,718,1072,1668,10125,858,782,2671,20270,5622,1117,452,58,147,599,857,386,181,148,314,152,5826,309,271,1023,295,502,629,4321
2020-12-1,9074,299,204,1221,90,138,501,1611,664,1239,8525,7066,41313,12711,336,460,859,319,353,736,1093,1710,10322,865,792,2693,20595,5744,1133,462,59,148,609,873,391,181,149,320,157,5859,319,273,1041,309,512,632,4348
2020-12-2,9248,307,208,1230,90,142,506,1655,688,1283,8675,7142,41814,12925,340,461,861,319,362,748,1119,1768,10541,880,796,2714,21022,5867,1167,471,60,148,619,897,398,181,155,327,165,5901,325,273,1052,324,520,637,4394
2020-12-3,9454,315,212,1251,90,149,509,1692,702,1312,8824,7224,42346,13122,348,461,862,320,381,760,1161,1832,10736,905,804,2736,21411,6038,1206,478,61,152,629,943,402,182,156,332,180,5932,329,273,1060,342,527,648,4443
2020-12-4,9666,321,213,1272,90,152,523,1777,719,1341,8987,7299,42805,13310,350,461,864,321,392,774,1195,1873,10951,927,808,2771,21805,6167,1238,485,61,152,634,991,406,184,160,339,196,5977,333,273,1075,360,536,653,4490
2020-12-5,9849,324,220,1293,90,158,528,1808,732,1371,9155,7373,43389,13501,354,462,867,321,413,786,1227,1907,11170,940,814,2815,22208,6316,1264,490,63,153,645,1026,409,185,164,341,215,6018,336,273,1083,378,544,659,4531
2020-12-6,10036,330,220,1311,90,173,540,1832,749,1388,9317,7451,43717,13635,356,462,872,321,422,803,1245,1947,11340,950,816,2858,22530,6436,1278,503,63,157,657,1086,410,185,165,345,233,6059,337,276,1092,397,556,673,4570
2020-12-7,10160,343,220,1319,90,177,546,1844,765,1401,9407,7504,44018,13700,359,462,874,322,429,823,1260,1982,11451,957,826,2884,22767,6542,1300,507,65,158,666,1128,414,185,175,349,246,6124,341,276,1100,408,565,683,4582
2020-12-8,10364,345,224,1336,90,186,552,1878,782,1433,9579,7584,44372,13852,363,462,879,326,431,838,1300,2002,11650,967,832,2947,23026,6687,1321,516,66,158,678,1180,418,187,192,352,263,6209,347,277,1127,418,568,701,4609
2020-12-9,10561,354,225,1379,90,196,558,1892,800,1482,9724,7675,44946,14097,369,462,884,329,437,863,1336,2040,11895,986,842,3022,23453,6844,1354,528,67,158,689,1257,422,187,196,353,281,6263,354,278,1143,439,573,741,4652
2020-12-10,10802,358,230,1417,90,211,565,1911,822,1526,9911,7825,45547,14310,374,464,888,331,440,892,1381,2085,12137,1011,847,3076,23871,6992,1378,538,67,165,702,1327,427,187,199,354,301,6342,367,290,1170,464,578,771,4697
2020-12-11,10979,364,252,1463,90,218,582,1935,839,1572,10095,7941,46143,14595,380,469,899,331,446,909,1406,2110,12335,1028,852,3133,24228,7090,1400,545,67,165,718,1437,429,187,199,356,312,6464,371,297,1195,490,583,796,4729
2020-12-12,11167,371,295,1498,92,240,599,1973,860,1612,10294,8062,46764,14818,390,473,907,331,451,941,1461,2148,12541,1042,857,3208,24657,7225,1432,551,67,165,740,1541,433,187,200,358,339,6550,378,308,1227,508,590,813,4780
2020-12-13,11331,373,302,1527,94,253,611,1987,870,1652,10437,8173,47245,15049,400,474,910,332,451,957,1498,2182,12722,1055,863,3267,24965,7336,1457,554,67,166,778,1617,435,187,200,359,357,6620,380,321,1256,516,605,823,4800
2020-12-14,11456,375,306,1543,94,265,622,2012,880,1683,10539,8253,47550,15170,408,475,916,332,454,977,1509,2209,12836,1072,869,3307,25150,7401,1475,557,68,168,805,1727,437,187,200,360,368,6678,384,328,1286,522,611,837,4819
2020-12-15,11560,382,315,1580,94,281,637,2030,915,1708,10709,8372,48007,15396,414,477,922,333,459,991,1544,2233,13052,1086,877,3378,25456,7545,1493,562,68,168,826,1798,440,187,201,363,404,6747,390,338,1318,534,618,849,4840
2020-12-16,11646,383,318,1625,94,290,658,2053,938,1771,10888,8495,48688,15683,418,480,930,337,463,1006,1585,2264,13300,1103,886,3475,25852,7680,1518,568,68,170,858,1890,441,188,205,370,432,6888,398,345,1343,543,624,858,4876
2020-12-17,11785,390,327,1679,94,296,672,2081,968,1819,11084,8643,49510,16002,421,484,938,337,467,1013,1629,2301,13538,1115,894,3559,26203,7844,1539,570,68,174,885,2027,445,188,206,372,455,6995,403,352,1377,556,634,862,4894
2020-12-18,11926,390,327,1695,94,302,682,2098,989,1867,11285,8793,50174,16297,428,487,947,337,473,1023,1682,2325,13757,1122,903,3638,26512,7972,1563,572,68,178,911,2110,453,188,206,374,465,7134,405,370,1406,559,646,868,4926
2020-12-19,12058,390,330,1742,95,309,697,2117,1002,1897,11511,8921,50910,16611,435,492,954,337,484,1033,1718,2355,13987,1131,918,3719,26823,8098,1591,573,69,179,971,2207,458,189,206,374,478,7268,409,377,1436,566,657,875,4946
2020-12-20,12193,390,335,1775,95,314,737,2133,1022,1933,11669,9040,51466,16849,440,494,960,337,488,1046,1731,2370,14147,1144,924,3782,27074,8201,1616,578,69,181,1082,2300,464,191,208,375,501,7366,409,400,1457,574,665,877,4967
2020-12-21,12303,391,336,1781,95,324,756,2149,1039,1950,11786,9157,51863,17037,443,503,967,337,488,1050,1748,2383,14239,1151,944,3829,27254,8245,1647,582,70,181,1111,2378,468,192,209,375,518,7459,411,419,1471,576,668,881,4988
2020-12-22,12377,396,341,1822,96,330,758,2168,1073,1973,11982,9309,52433,17385,448,507,974,337,492,1053,1783,2413,14429,1161,955,3910,27537,8435,1673,587,74,181,1124,2455,472,192,211,379,549,7547,417,445,1496,580,671,890,5009
2020-12-23,12491,403,343,1873,104,334,782,2187,1106,2001,12212,9450,53191,17731,457,509,980,338,502,1061,1839,2448,14668,1176,969,3998,27849,8602,1709,590,79,186,1159,2578,486,194,231,382,573,7703,424,457,1526,587,678,905,5044
2020-12-24,12614,407,348,1921,105,345,813,2226,1130,2044,12463,9684,54086,18225,472,525,998,339,509,1071,1895,2486,14938,1187,985,4105,28138,8754,1743,590,79,189,1186,2676,494,195,258,389,592,7852,433,492,1557,596,685,920,5092
2020-12-25,12711,414,353,1969,113,355,844,2253,1165,2097,12759,9896,54976,18691,486,538,1010,343,515,1088,1933,2514,15203,1198,1013,4226,28432,8985,1773,591,84,190,1217,2817,503,195,265,398,604,7994,439,518,1625,603,695,929,5133
2020-12-26,12872,422,363,2025,123,361,865,2280,1207,2134,13024,10097,55930,19170,503,541,1022,345,518,1105,1978,2545,15468,1211,1062,4361,28731,9160,1804,594,87,194,1245,2925,516,195,273,407,618,8154,443,537,1676,617,706,946,5169
2020-12-27,12957,428,372,2064,125,366,886,2307,1235,2172,13235,10202,56638,19513,505,542,1034,346,525,1126,2023,2569,15684,1225,1087,4455,28964,9321,1841,596,95,202,1266,3010,524,195,282,415,626,8291,445,566,1707,620,710,966,5199
2020-12-28,13051,438,379,2092,126,369,896,2338,1266,2193,13419,10377,57129,19847,505,547,1040,348,537,1129,2068,2581,15806,1237,1101,4514,29114,9428,1871,598,101,205,1285,3060,537,195,288,431,634,8433,450,584,1744,639,723,985,5220
2020-12-29,13138,453,380,2131,132,378,907,2381,1349,2222,13717,10593,57998,20241,520,549,1050,350,547,1140,2142,2608,16041,1248,1127,4598,29416,9620,1895,600,111,207,1308,3148,561,195,296,445,642,8584,457,611,1799,654,727,993,5258
2020-12-30,13271,459,382,2165,136,382,924,2418,1405,2278,13961,10811,58959,20673,532,552,1064,353,560,1163,2209,2654,16335,1273,1154,4694,29723,9808,1925,607,118,207,1340,3232,572,196,301,457,654,8773,464,626,1843,667,739,1006,5305
2020-12-31,13438,482,385,2191,140,387,944,2446,1478,2315,14291,11063,60312,21260,540,559,1071,355,568,1183,2292,2681,16574,1291,1175,4803,30036,10000,1963,616,119,207,1363,3319,587,198,304,465,663,8963,468,655,1875,689,757,1016,5363
2021-1-1,13536,492,389,2221,143,390,956,2488,1534,2339,14511,11207,61105,21730,545,562,1084,355,576,1206,2348,2717,16767,1297,1199,4906,30298,10128,2000,629,119,209,1390,3392,589,199,306,471,669,9121,469,675,1905,700,783,1031,5411
2021-1-2,13613,496,391,2225,143,391,969,2508,1590,2381,14724,11442,61934,22110,555,572,1097,359,581,1217,2384,2759,16925,1311,1222,4989,30556,10232,2036,640,123,213,1413,3468,592,199,308,477,676,9245,474,703,1931,711,813,1033,5423
2021-1-3,13681,506,394,2245,146,397,983,2560,1662,2412,14929,11667,62760,22475,565,577,1105,359,588,1242,2442,2788,17110,1324,1260,5078,30808,10330,2068,652,127,214,1440,3540,597,199,311,484,687,9349,477,733,1953,720,843,1060,5450
2021-1-4,13774,516,394,2263,149,402,1009,2592,1731,2449,15172,11862,63665,22887,572,587,1119,360,605,1260,2494,2822,17262,1339,1297,5154,31094,10446,2089,661,129,214,1473,3586,609,204,315,493,689,9477,500,757,1987,730,875,1072,5486
2021-1-5,13853,523,400,2300,157,407,1033,2659,1842,2493,15540,12123,64980,23509,582,603,1139,362,622,1304,2592,2856,17535,1369,1321,5256,31488,10663,2121,678,138,215,1524,3663,632,209,323,518,696,9664,510,812,2050,746,913,1094,5539
2021-1-6,13968,537,402,2352,159,417,1073,2730,1974,2552,15934,12433,66620,24100,602,635,1151,376,641,1354,2694,2943,17899,1402,1371,5375,32048,10909,2143,696,153,216,1583,3739,640,216,337,541,700,9978,521,855,2119,772,993,1130,5611
2021-1-7,14129,545,405,2427,161,418,1102,2820,2104,2635,16393,12883,69140,24779,611,656,1176,380,676,1433,2785,3025,18330,1429,1424,5518,32655,11193,2169,717,159,218,1649,3832,656,216,369,569,712,10364,542,913,2182,791,1098,1157,5677
2021-1-8,14310,554,410,2488,165,422,1140,2947,2254,2735,16889,13338,71599,25617,627,687,1193,387,712,1500,2868,3117,18735,1471,1464,5665,33309,11490,2225,733,162,221,1695,3951,668,221,403,607,721,10733,566,956,2283,808,1170,1189,5759
2021-1-9,14525,559,417,2560,167,430,1179,3056,2392,2798,17406,13815,73931,26612,640,706,1208,397,732,1541,2973,3233,19097,1520,1521,5791,33956,11814,2269,748,165,224,1775,4014,685,226,414,630,725,11059,579,1016,2369,821,1246,1228,5829
2021-1-10,14713,561,429,2623,173,433,1225,3140,2510,2872,17820,14203,75441,27339,661,716,1227,397,747,1609,3037,3360,19440,1563,1546,5937,34488,12082,2315,763,165,227,1807,4067,706,229,427,662,732,11342,601,1034,2451,829,1295,1245,5903
2021-1-11,14848,567,432,2654,174,434,1253,3207,2616,2908,18166,14543,76693,28033,679,729,1233,399,754,1682,3087,3413,19638,1586,1570,6079,34967,12236,2344,777,165,227,1859,4128,719,230,441,689,734,11554,608,1056,2508,838,1324,1260,5944
2021-1-12,14993,569,434,2674,176,435,1276,3277,2698,2948,18426,14958,77718,28938,697,743,1238,399,774,1733,3122,3452,19770,1611,1594,6187,35341,12396,2370,786,166,227,1892,4161,729,265,447,721,740,11753,640,1080,2574,852,1337,1280,5971
2021-1-13,15102,582,444,2726,178,435,1308,3354,2839,3006,18817,15380,79198,29705,720,755,1248,402,795,1768,3197,3544,20089,1644,1612,6332,35877,12681,2401,798,170,228,1929,4221,742,268,460,734,754,12004,672,1118,2655,869,1378,1301,6037
2021-1-14,15296,607,449,2813,181,438,1337,3458,2916,3066,19272,15868,80750,30689,738,768,1267,411,816,1819,3288,3654,20401,1672,1661,6463,36469,12973,2430,819,173,231,1967,4269,760,272,477,762,757,12345,698,1157,2732,885,1426,1318,6107
2021-1-15,15498,622,454,2865,189,440,1373,3617,3012,3146,19761,16372,82794,31560,753,783,1287,436,829,1876,3366,3744,20753,1717,1698,6583,37037,13249,2474,836,175,233,2002,4303,779,284,514,786,761,12706,733,1194,2810,897,1472,1332,6180
2021-1-16,15690,635,457,2909,196,442,1410,3723,3108,3236,20343,16875,84633,32389,760,796,1309,443,839,1937,3455,3830,21076,1757,1728,6723,37666,13512,2513,852,177,234,2037,4358,816,287,520,800,765,13117,751,1227,2899,916,1500,1357,6309
2021-1-17,15814,643,467,2949,208,443,1448,3812,3162,3290,20776,17303,86228,33183,766,802,1325,447,846,1989,3507,3897,21294,1783,1747,6877,38130,13800,2551,865,177,235,2071,4395,833,291,528,811,770,13417,765,1246,2939,926,1538,1371,6398
2021-1-18,15939,644,471,2984,216,443,1469,3875,3246,3327,21104,17666,87445,34140,766,810,1337,456,855,2014,3553,3924,21445,1800,1771,6987,38561,13948,2595,885,178,235,2102,4423,921,297,537,827,779,13621,793,1263,2985,933,1567,1387,6465
2021-1-19,16031,656,475,3045,219,447,1483,3941,3340,3375,21525,18153,88698,34877,780,815,1356,461,864,2028,3618,3964,21691,1822,1798,7130,39086,14164,2621,904,184,237,2124,4447,968,305,545,849,791,13821,812,1302,3037,939,1596,1401,6578
2021-1-20,16195,660,483,3090,227,453,1518,4024,3384,3427,21936,18550,89984,35593,787,825,1373,462,869,2077,3673,4040,21937,1848,1840,7253,39593,14460,2660,928,184,239,2154,4504,986,328,555,866,807,14098,832,1334,3076,955,1647,1460,6689
2021-1-21,16325,666,484,3141,229,455,1534,4106,3433,3492,22371,19030,91469,36324,807,832,1393,467,874,2102,3730,4100,22207,1882,1868,7393,40094,14696,2698,948,186,242,2183,4533,996,338,567,891,813,14383,858,1359,3116,988,1675,1483,6756
2021-1-22,16436,668,485,3192,235,456,1548,4184,3487,3545,22729,19492,92653,36951,830,839,1403,471,880,2129,3773,4161,22453,1936,1906,7523,40544,14979,2738,965,189,242,2203,4577,1026,350,578,909,815,14618,876,1384,3143,1014,1693,1497,6859
2021-1-23,16574,677,487,3240,242,457,1585,4316,3527,3581,23054,19903,93732,37472,837,843,1416,476,884,2155,3815,4211,22699,1976,1936,7644,41069,15204,2773,975,191,242,2219,4600,1077,359,584,931,818,14832,886,1395,3182,1032,1715,1524,6938
2021-1-24,16668,677,488,3264,247,458,1610,4362,3556,3604,23339,20231,94718,38025,844,847,1422,480,884,2184,3844,4262,22863,2000,1967,7759,41490,15382,2801,992,196,242,2228,4623,1100,363,588,940,823,15056,899,1408,3225,1042,1727,1529,7014
2021-1-25,16756,681,488,3275,250,458,1624,4407,3574,3636,23589,20521,95337,38376,849,848,1423,484,887,2193,3883,4294,22952,2024,1995,7850,41763,15462,2819,1001,197,242,2249,4648,1110,368,588,946,825,15210,911,1419,3241,1048,1731,1543,7055
2021-1-26,16862,691,489,3302,251,463,1653,4456,3615,3649,23842,20861,96363,38770,855,849,1437,496,898,2216,3944,4339,23167,2057,2026,7963,42106,15615,2843,1011,198,245,2267,4665,1151,371,597,954,828,15365,924,1435,3262,1079,1756,1556,7139
2021-1-27,17009,695,495,3329,253,473,1678,4540,3653,3701,24089,21119,97339,39156,867,857,1442,504,898,2239,3993,4399,23394,2100,2057,8091,42463,15826,2869,1024,198,250,2285,4701,1169,375,608,969,829,15550,931,1446,3284,1093,1773,1566,7270
2021-1-28,17124,699,495,3356,255,480,1693,4600,3687,3734,24380,21433,98404,39589,888,863,1447,506,898,2256,4046,4488,23638,2129,2067,8200,42860,16057,2895,1032,198,254,2303,4730,1190,382,618,970,835,15735,938,1474,3299,1115,1790,1579,7366
2021-1-29,17235,702,495,3369,260,487,1707,4686,3731,3775,24636,21772,99275,39974,899,868,1451,509,900,2268,4073,4526,23802,2146,2097,8289,43205,16218,2925,1047,198,264,2315,4764,1204,383,624,977,841,15894,940,1492,3318,1135,1804,1598,7429
2021-1-30,17341,711,496,3392,260,500,1718,4755,3755,3806,24940,22089,100045,40371,904,870,1455,510,900,2280,4101,4575,23928,2174,2115,8371,43543,16355,2945,1054,198,265,2329,4802,1218,384,633,993,846,16047,946,1522,3331,1145,1809,1609,7505
2021-1-31,17445,717,496,3409,261,503,1727,4818,3771,3867,25182,22301,100679,40761,910,872,1462,514,901,2288,4120,4590,24049,2188,2123,8447,43757,16466,2969,1063,199,268,2338,4816,1235,385,643,993,847,16174,951,1526,3339,1158,1820,1622,7544
2021-2-1,17521,717,496,3416,261,506,1735,4846,3774,3892,25341,22492,101072,40982,911,873,1466,517,901,2290,4137,4608,24129,2203,2132,8510,43935,16526,2999,1065,202,269,2345,4828,1240,386,655,995,851,16237,953,1530,3343,1166,1832,1632,7579
2021-2-2,17626,724,499,3425,262,510,1737,4875,3791,3930,25588,22714,101628,41169,921,876,1473,517,902,2298,4173,4630,24230,2232,2158,8566,44146,16660,3018,1071,203,271,2354,4842,1250,389,663,996,851,16314,957,1537,3353,1177,1849,1637,7625
2021-2-3,17720,730,505,3436,266,513,1750,4914,3803,3969,25845,22932,102304,41403,928,876,1484,517,907,2314,4224,4654,24344,2259,2180,8609,44390,16780,3052,1085,204,273,2366,4857,1272,389,668,997,851,16432,965,1540,3360,1191,1862,1640,7684
2021-2-4,17840,736,509,3445,267,516,1759,4978,3830,4022,26086,23134,103038,41627,941,878,1494,519,908,2319,4248,4676,24445,2285,2200,8651,44597,16891,3078,1091,205,273,2375,4864,1279,392,676,1000,852,16552,969,1543,3368,1206,1869,1643,7742
2021-2-5,17933,738,511,3456,269,519,1768,5034,3854,4065,26313,23372,103615,41915,943,880,1519,519,909,2328,4285,4710,24531,2298,2215,8683,44806,16987,3097,1098,206,274,2380,4873,1283,392,682,1004,855,16643,975,1552,3372,1215,1875,1652,7783
2021-2-6,18011,740,513,3469,269,526,1775,5092,3871,4092,26518,23598,104254,42116,950,880,1533,521,909,2329,4310,4737,24651,2325,2233,8720,44994,17078,3114,1106,207,276,2390,4880,1292,394,692,1009,860,16742,976,1560,3378,1223,1877,1656,7815
2021-2-7,18080,744,514,3477,269,526,1778,5142,3881,4114,26705,23719,104683,42280,953,881,1563,521,913,2335,4331,4748,24723,2331,2238,8750,45111,17131,3127,1108,207,276,2406,4891,1302,395,697,1013,862,16835,978,1563,3382,1226,1879,1659,7842
2021-2-8,18130,744,514,3477,269,526,1781,5173,3884,4128,26825,23874,104959,42401,955,882,1570,522,914,2338,4359,4755,24766,2336,2251,8771,45230,17164,3137,1111,207,276,2409,4901,1308,395,700,1017,863,16892,981,1565,3385,1233,1879,1665,7882
2021-2-9,18171,750,516,3482,269,527,1788,5213,3898,4149,26998,23972,105371,42542,965,883,1580,528,918,2340,4380,4776,24850,2343,2261,8798,45385,17231,3146,1113,207,278,2415,4911,1323,397,704,1023,864,16963,986,1569,3388,1237,1887,1675,7901
2021-2-10,18235,790,518,3488,269,531,1794,5246,3918,4178,27167,24117,105862,42718,972,884,1596,528,918,2345,4408,4786,24964,2353,2270,8825,45512,17324,3162,1118,207,278,2422,4916,1338,418,706,1026,864,17066,992,1576,3392,1242,1902,1685,7928
2021-2-11,18327,794,519,3489,269,531,1805,5292,3927,4200,27339,24244,106296,42896,986,886,1621,528,919,2345,4423,4801,25044,2361,2284,8846,45653,17376,3167,1129,207,280,2428,4925,1344,419,713,1026,868,17176,993,1580,3397,1249,1907,1689,7944
2021-2-12,18402,794,519,3491,269,531,1818,5313,3938,4213,27463,24361,106603,43050,993,887,1636,528,926,2345,4440,4809,25097,2370,2293,8873,45742,17414,3171,1140,207,280,2438,4932,1349,423,714,1029,873,17263,994,1582,3402,1251,1907,1705,7960
2021-2-13,18441,801,520,3496,269,532,1827,5332,3954,4231,27626,24459,106972,43155,1003,887,1652,530,927,2345,4453,4824,25156,2379,2305,8896,45884,17469,3181,1143,207,280,2442,4940,1352,424,715,1029,874,17327,995,1585,3405,1261,1920,1716,7971
2021-2-14,18493,805,521,3506,269,534,1833,5370,3962,4265,27757,24567,107343,43263,1005,888,1682,530,928,2345,4476,4847,25232,2389,2316,8916,45982,17513,3194,1147,207,280,2445,4950,1354,426,719,1029,876,17396,995,1585,3409,1262,1928,1724,7989
2021-2-15,18534,806,524,3510,269,534,1839,5389,3971,4282,27851,24703,107609,43334,1008,892,1693,530,929,2347,4489,4857,25274,2393,2325,8923,46051,17540,3199,1151,207,280,2449,4962,1356,430,721,1029,877,17442,995,1585,3413,1263,1931,1726,7994
2021-2-16,18578,810,530,3519,269,534,1842,5410,3981,4296,27965,24848,107959,43467,1011,895,1714,531,929,2349,4515,4872,25337,2408,2332,8940,46149,17586,3209,1153,207,280,2454,4977,1361,437,724,1029,882,17490,995,1586,3418,1267,1933,1738,8007
2021-2-17,18642,812,539,3521,269,534,1849,5436,3990,4324,28095,24978,108337,43582,1019,895,1728,535,933,2349,4527,4904,25418,2420,2348,8957,46282,17660,3224,1154,207,280,2458,4986,1363,441,724,1029,882,17555,995,1588,3425,1271,1934,1739,8027
2021-2-18,18674,812,543,3528,269,535,1861,5475,4005,4338,28305,25127,108782,43724,1024,897,1743,537,934,2352,4540,4927,25469,2440,2353,8975,46371,17706,3237,1156,207,281,2460,4993,1366,444,727,1032,884,17656,995,1590,3429,1276,1936,1742,8044
2021-2-19,18717,812,549,3540,269,537,1867,5497,4012,4353,28446,25273,109135,43853,1028,898,1760,542,935,2354,4551,4963,25520,2454,2361,8992,46462,17737,3250,1158,208,281,2461,4994,1366,446,728,1044,884,17716,996,1593,3432,1280,1939,1743,8062
2021-2-20,18751,812,553,3554,269,537,1872,5535,4028,4362,28567,25396,109462,43984,1030,902,1778,542,935,2358,4554,4985,25566,2465,2376,9008,46556,17779,3255,1159,208,281,2463,4997,1367,447,734,1047,884,17787,1004,1597,3437,1283,1941,1744,8075
2021-2-21,18814,812,553,3563,269,537,1872,5581,4037,4375,28651,25559,109734,44084,1032,903,1790,542,935,2358,4565,5003,25599,2476,2384,9017,46616,17806,3260,1159,208,281,2466,5000,1369,447,739,1050,884,17819,1012,1605,3437,1285,1942,1745,8082
2021-2-22,18835,812,553,3563,269,537,1876,5595,4037,4381,28752,25658,109912,44180,1032,903,1796,542,936,2358,4574,5015,25629,2480,2398,9024,46678,17820,3263,1159,208,281,2470,5005,1369,447,741,1052,884,17845,1017,1605,3437,1286,1942,1747,8092
2021-2-23,18901,813,553,3575,269,537,1888,5611,4048,4402,28857,25748,110187,44277,1041,905,1810,542,936,2358,4586,5046,25679,2486,2411,9031,46778,17844,3266,1160,208,282,2472,5009,1370,447,744,1055,884,17890,1028,1608,3438,1288,1943,1754,8109
2021-2-24,18944,813,553,3580,269,538,1890,5669,4060,4416,28916,25875,110400,44370,1052,905,1822,544,939,2359,4599,5072,25725,2496,2424,9038,46840,17862,3269,1161,208,284,2474,5014,1372,448,747,1056,884,17916,1032,1609,3438,1288,1945,1758,8121
2021-2-25,18987,814,553,3585,269,542,1909,5682,4073,4422,29027,25982,110740,44489,1055,905,1830,544,939,2359,4607,5082,25766,2501,2432,9045,46922,17897,3275,1161,208,284,2474,5020,1374,449,747,1058,884,17955,1044,1609,3438,1289,1947,1758,8136
2021-2-26,19023,816,553,3590,269,542,1919,5710,4078,4459,29127,26095,111010,44605,1070,905,1841,544,939,2363,4610,5100,25806,2509,2444,9053,46999,17921,3278,1161,210,284,2478,5023,1377,450,747,1061,884,18007,1052,1609,3439,1289,1947,1758,8159
2021-2-27,19066,816,554,3609,269,543,1931,5740,4090,4491,29245,26246,111347,44767,1076,905,1845,545,939,2364,4613,5126,25859,2521,2462,9060,47068,17942,3281,1162,210,284,2479,5023,1380,450,749,1062,884,18038,1054,1610,3439,1291,1947,1761,8178
2021-2-28,19093,816,554,3623,269,543,1947,5755,4093,4502,29342,26378,111676,44898,1080,905,1851,545,939,2364,4616,5141,25890,2528,2467,9063,47122,17968,3283,1163,210,284,2484,5025,1382,452,750,1063,884,18061,1057,1612,3443,1293,1947,1761,8193
2021-3-1,19122,816,554,3632,269,543,1962,5808,4101,4517,29403,26505,111797,44950,1085,905,1857,545,939,2364,4626,5151,25922,2532,2470,9066,47178,17989,3290,1164,210,284,2486,5027,1382,452,750,1064,884,18078,1063,1612,3444,1293,1947,1761,8200
2021-3-2,19151,817,554,3653,269,543,1969,5826,4113,4528,29505,26592,112029,45034,1091,905,1862,545,940,2364,4635,5169,25956,2541,2481,9069,47259,18033,3293,1164,210,284,2488,5032,1384,452,752,1064,887,18097,1067,1612,3445,1294,1949,1762,8217
2021-3-3,19211,817,554,3680,269,543,2007,5860,4120,4545,29603,26756,112345,45172,1092,905,1870,545,941,2364,4644,5190,26011,2545,2498,9076,47357,18073,3297,1164,210,284,2496,5036,1385,453,752,1065,887,18134,1069,1612,3448,1295,1949,1762,8235
2021-3-4,19277,818,554,3702,269,543,2041,5897,4131,4566,29726,26863,112624,45310,1095,907,1873,545,941,2364,4649,5199,26079,2549,2524,9079,47438,18093,3302,1166,210,284,2506,5038,1385,457,753,1065,896,18171,1072,1612,3450,1296,1949,1762,8263
2021-3-5,19341,820,555,3724,269,543,2060,5941,4145,4578,29816,27000,112925,45441,1105,907,1876,545,941,2368,4655,5222,26129,2554,2538,9086,47512,18129,3313,1167,210,284,2509,5041,1385,460,754,1066,901,18196,1077,1612,3455,1297,1949,1762,8276
2021-3-6,19388,820,555,3758,269,543,2071,5969,4157,4595,29929,27108,113218,45554,1110,908,1877,545,941,2369,4664,5231,26164,2564,2546,9095,47594,18144,3320,1167,210,284,2518,5045,1385,461,755,1066,902,18225,1078,1612,3457,1297,1949,1762,8303
2021-3-7,19472,820,555,3790,269,543,2095,5990,4166,4601,30052,27221,113455,45673,1117,909,1877,545,941,2374,4667,5255,26191,2566,2559,9107,47670,18185,3327,1167,210,284,2523,5047,1386,461,757,1066,903,18259,1090,1612,3457,1297,1949,1762,8321
2021-3-8,19535,820,555,3819,269,544,2105,6012,4172,4611,30117,27294,113571,45732,1124,909,1877,546,941,2374,4667,5267,26199,2567,2572,9120,47708,18194,3332,1167,210,284,2526,5054,1387,461,758,1066,903,18274,1094,1612,3457,1297,1949,1762,8328
2021-3-9,19598,822,555,3854,269,545,2121,6038,4194,4617,30223,27376,113861,45832,1139,909,1879,546,941,2379,4673,5281,26238,2570,2604,9129,47811,18235,3337,1168,210,284,2536,5057,1389,461,760,1067,904,18308,1114,1613,3462,1297,1949,1762,8350
2021-3-10,19663,828,555,3890,269,545,2144,6071,4207,4633,30358,27482,114201,45956,1152,909,1879,546,941,2385,4676,5331,26282,2579,2612,9156,47895,18276,3350,1170,210,284,2552,5058,1389,461,762,1068,905,18357,1125,1613,3467,1297,1949,1762,8376
2021-3-11,19734,838,557,3943,269,553,2160,6106,4224,4644,30484,27604,114536,46080,1162,909,1879,546,946,2389,4677,5356,26348,2587,2625,9173,47983,18334,3355,1171,210,284,2563,5059,1389,462,764,1070,906,18388,1130,1613,3467,1297,1949,1762,8405
2021-3-12,19787,844,558,3992,269,553,2169,6149,4242,4664,30639,27709,114840,46187,1174,909,1879,546,948,2399,4680,5373,26400,2593,2635,9180,48094,18383,3366,1172,210,284,2571,5060,1389,464,764,1073,908,18431,1136,1613,3469,1297,1949,1762,8443
2021-3-13,19845,852,561,4047,269,553,2183,6166,4260,4683,30822,27838,115170,46282,1180,912,1883,546,950,2407,4684,5390,26455,2598,2638,9190,48214,18437,3371,1172,210,284,2577,5062,1390,464,765,1073,908,18472,1139,1613,3474,1298,1949,1762,8473
2021-3-14,19890,859,564,4096,269,554,2198,6184,4284,4693,30899,27944,115409,46391,1182,912,1886,546,951,2417,4686,5395,26479,2606,2643,9196,48306,18474,3376,1178,210,285,2579,5065,1390,464,765,1074,909,18510,1142,1613,3474,1298,1949,1763,8496
2021-3-15,19944,863,565,4116,269,557,2204,6194,4288,4705,30971,28020,115584,46446,1188,912,1886,546,953,2431,4686,5403,26494,2608,2646,9202,48373,18507,3380,1179,210,285,2583,5067,1390,464,765,1074,909,18523,1142,1613,3474,1299,1949,1763,8512
2021-3-16,20013,877,565,4185,270,561,2211,6219,4305,4715,31067,28096,115884,46537,1196,913,1887,547,954,2439,4691,5428,26524,2612,2657,9211,48459,18585,3391,1182,210,285,2588,5068,1393,464,767,1074,909,18551,1144,1614,3474,1299,1949,1764,8539
2021-3-17,20086,881,571,4292,272,565,2234,6259,4335,4742,31199,28186,116293,46630,1214,915,1887,549,955,2464,4699,5437,26572,2618,2663,9225,48606,18658,3406,1187,210,285,2590,5070,1395,464,769,1076,910,18593,1148,1614,3481,1299,1949,1765,8574
2021-3-18,20182,885,575,4389,273,576,2253,6306,4354,4767,31314,28308,116616,46789,1226,915,1888,549,955,2478,4704,5450,26610,2626,2674,9236,48747,18734,3412,1189,210,285,2598,5071,1396,466,772,1077,911,18638,1150,1614,3482,1300,1949,1766,8617
2021-3-19,20260,890,583,4489,274,594,2274,6344,4390,4783,31449,28437,116919,46900,1244,915,1891,550,956,2496,4710,5463,26657,2634,2681,9245,48905,18795,3414,1191,210,285,2607,5073,1397,466,773,1077,912,18678,1155,1615,3485,1300,1949,1766,8661
2021-3-20,20311,895,585,4614,277,615,2300,6377,4419,4808,31582,28536,117261,47007,1255,920,1893,553,956,2513,4716,5486,26712,2639,2686,9258,49058,18859,3426,1197,210,285,2611,5079,1397,466,776,1081,912,18716,1158,1615,3488,1300,1949,1769,8726
2021-3-21,20371,896,587,4726,277,646,2314,6399,4422,4819,31661,28624,117517,47084,1273,921,1894,553,956,2532,4717,5494,26746,2643,2693,9269,49158,18905,3434,1202,210,285,2620,5087,1397,468,776,1084,912,18750,1162,1616,3488,1301,1949,1774,8750
2021-3-22,20421,896,588,4768,277,662,2327,6418,4431,4831,31721,28721,117704,47140,1294,921,1894,553,956,2542,4722,5500,26777,2643,2699,9280,49237,18928,3438,1204,210,285,2627,5088,1397,471,776,1087,912,18765,1163,1616,3490,1301,1949,1775,8768
2021-3-23,20463,902,589,4889,278,682,2348,6451,4451,4849,31857,28793,118041,47212,1312,923,1895,553,956,2552,4734,5522,26840,2650,2706,9294,49420,19012,3453,1213,210,285,2630,5092,1399,473,776,1110,913,18801,1163,1617,3493,1301,1949,1775,8843
2021-3-24,20544,909,591,5060,278,703,2371,6496,4467,4869,31978,28900,118461,47340,1323,927,1896,553,956,2581,4752,5549,26914,2660,2713,9313,49682,19130,3475,1220,211,285,2635,5097,1402,479,776,1134,914,18825,1164,1617,3493,1302,1949,1776,8911
2021-3-25,20611,921,596,5221,279,752,2387,6532,4474,4890,32091,28998,118855,47461,1347,930,1899,553,956,2614,4764,5571,26993,2669,2720,9337,49948,19230,3496,1228,211,285,2637,5102,1403,498,777,1193,914,18853,1164,1622,3494,1302,1949,1778,8988
2021-3-26,20680,929,601,5374,281,786,2421,6567,4504,4913,32226,29133,119231,47578,1364,930,1900,568,958,2651,4780,5604,27057,2685,2725,9357,50248,19346,3513,1239,211,286,2642,5108,1403,504,780,1232,914,18881,1164,1625,3495,1304,1949,1790,9076
2021-3-27,20742,932,604,5503,283,831,2440,6600,4526,4929,32350,29230,119661,47680,1380,931,1901,568,958,2679,4797,5629,27115,2695,2731,9389,50634,19510,3542,1244,211,286,2642,5115,1406,514,782,1251,914,18919,1170,1626,3495,1304,1949,1800,9174
2021-3-28,20816,944,608,5637,283,865,2461,6651,4545,4943,32464,29322,119974,47744,1392,932,1901,570,962,2711,4809,5646,27201,2708,2734,9415,50957,19601,3579,1248,212,286,2645,5125,1406,517,789,1278,914,18942,1181,1627,3496,1305,1950,1812,9242
2021-3-29,20862,944,609,5717,283,888,2473,6674,4561,4963,32566,29432,120208,47837,1400,933,1901,573,965,2731,4814,5666,27240,2717,2740,9430,51170,19671,3597,1257,221,286,2649,5144,1409,526,795,1302,914,18955,1183,1628,3498,1307,1950,1817,9284
2021-3-30,20918,950,614,5838,283,915,2479,6703,4590,4986,32673,29513,120572,47933,1428,936,1902,583,968,2753,4825,5685,27296,2734,2753,9460,51602,19847,3643,1273,241,286,2674,5152,1415,527,808,1332,916,18985,1184,1629,3504,1308,1957,1823,9371
2021-3-31,20994,1031,621,6038,283,948,2499,6740,4638,5007,32825,29619,120986,48069,1461,938,1911,589,969,2796,4841,5715,27395,2753,2770,9517,52201,20058,3691,1287,260,287,2693,5172,1418,535,836,1367,917,19014,1189,1634,3506,1309,1962,1830,9482
2021-4-1,21051,1039,646,6171,285,972,2521,6765,4659,5031,32957,29720,121461,48202,1486,939,1916,595,981,2828,4852,5740,27477,2777,2794,9573,52817,20257,3739,1304,269,288,2703,5182,1421,546,849,1396,919,19041,1198,1638,3511,1314,1962,1832,9575
2021-4-2,21108,1058,673,6287,288,995,2555,6800,4691,5065,33120,29824,121901,48335,1516,942,1930,597,984,2855,4867,5770,27622,2803,2824,9641,53429,20431,3793,1319,275,288,2721,5191,1427,562,872,1423,919,19080,1206,1643,3517,1315,1963,1839,9678
2021-4-3,21174,1070,687,6423,301,1012,2583,6831,4732,5081,33269,29914,122347,48464,1533,948,1941,610,989,2901,4883,5809,27740,2825,2834,9694,54095,20636,3838,1336,277,288,2741,5199,1435,572,888,1457,921,19119,1214,1645,3520,1320,1963,1847,9795
2021-4-4,21227,1080,704,6503,301,1033,2604,6876,4756,5111,33404,30038,122702,48606,1556,951,1952,616,989,2934,4895,5831,27856,2843,2847,9757,54688,20846,3877,1350,277,288,2755,5210,1438,586,901,1486,923,19146,1219,1645,3520,1322,1964,1855,9891
2021-4-5,21298,1086,705,6558,301,1052,2640,6892,4777,5118,33490,30126,122951,48674,1566,961,1957,619,992,2957,4906,5840,27901,2853,2857,9789,55029,20933,3948,1364,279,288,2762,5219,1439,593,914,1518,931,19160,1224,1645,3521,1323,1965,1863,9941
2021-4-6,21361,1108,713,6661,303,1077,2666,6908,4801,5131,33606,30188,123350,48774,1586,965,1973,626,996,2982,4924,5852,28013,2863,2869,9844,55748,21209,4026,1384,281,288,2781,5222,1440,605,935,1561,937,19211,1233,1646,3526,1326,1965,1870,10039
